2025-12-14T18:02:03.949-03:00  INFO 13876 --- [apiproducts] [main] c.p.apiproducts.ApiproductsApplication   : Starting ApiproductsApplication using Java 21.0.9 with PID 13876 (C:\Users\PC GAMER\Downloads\pasteleriaBacken_Frontend-javabkd\target\classes started by PC GAMER in C:\Users\PC GAMER\Downloads\pasteleriaBacken_Frontend-javabkd)
2025-12-14T18:02:03.956-03:00  INFO 13876 --- [apiproducts] [main] c.p.apiproducts.ApiproductsApplication   : No active profile set, falling back to 1 default profile: "default"
2025-12-14T18:02:04.866-03:00  INFO 13876 --- [apiproducts] [main] .s.d.r.c.RepositoryConfigurationDelegate : Bootstrapping Spring Data JPA repositories in DEFAULT mode.
2025-12-14T18:02:04.920-03:00  INFO 13876 --- [apiproducts] [main] .s.d.r.c.RepositoryConfigurationDelegate : Finished Spring Data repository scanning in 46 ms. Found 3 JPA repository interfaces.
2025-12-14T18:02:05.370-03:00  INFO 13876 --- [apiproducts] [main] o.s.boot.tomcat.TomcatWebServer          : Tomcat initialized with port 8180 (http)
2025-12-14T18:02:05.385-03:00  INFO 13876 --- [apiproducts] [main] o.apache.catalina.core.StandardService   : Starting service [Tomcat]
2025-12-14T18:02:05.386-03:00  INFO 13876 --- [apiproducts] [main] o.apache.catalina.core.StandardEngine    : Starting Servlet engine: [Apache Tomcat/11.0.14]
2025-12-14T18:02:05.513-03:00  INFO 13876 --- [apiproducts] [main] b.w.c.s.WebApplicationContextInitializer : Root WebApplicationContext: initialization completed in 1505 ms
2025-12-14T18:02:05.671-03:00  INFO 13876 --- [apiproducts] [main] o.hibernate.jpa.internal.util.LogHelper  : HHH000204: Processing PersistenceUnitInfo [name: default]
2025-12-14T18:02:05.735-03:00  INFO 13876 --- [apiproducts] [main] org.hibernate.Version                    : HHH000412: Hibernate ORM core version 7.1.8.Final
2025-12-14T18:02:06.193-03:00  INFO 13876 --- [apiproducts] [main] o.s.o.j.p.SpringPersistenceUnitInfo      : No LoadTimeWeaver setup: ignoring JPA class transformer
2025-12-14T18:02:06.225-03:00  INFO 13876 --- [apiproducts] [main] com.zaxxer.hikari.HikariDataSource       : HikariPool-1 - Starting...
2025-12-14T18:02:06.559-03:00  INFO 13876 --- [apiproducts] [main] com.zaxxer.hikari.pool.HikariPool        : HikariPool-1 - Added connection com.mysql.cj.jdbc.ConnectionImpl@13714753
2025-12-14T18:02:06.561-03:00  INFO 13876 --- [apiproducts] [main] com.zaxxer.hikari.HikariDataSource       : HikariPool-1 - Start completed.
2025-12-14T18:02:06.633-03:00  INFO 13876 --- [apiproducts] [main] org.hibernate.orm.connections.pooling    : HHH10001005: Database info:
	Database JDBC URL [jdbc:mysql://localhost:3306/productosbackend]
	Database driver: MySQL Connector/J
	Database dialect: MySQLDialect
	Database version: 8.2
	Default catalog/schema: productosbackend/undefined
	Autocommit mode: undefined/unknown
	Isolation level: REPEATABLE_READ [default REPEATABLE_READ]
	JDBC fetch size: none
	Pool: DatasourceConnectionProviderImpl
	Minimum pool size: undefined/unknown
	Maximum pool size: undefined/unknown
2025-12-14T18:02:07.393-03:00  INFO 13876 --- [apiproducts] [main] o.h.e.t.j.p.i.JtaPlatformInitiator       : HHH000489: No JTA platform available (set 'hibernate.transaction.jta.platform' to enable JTA platform integration)
2025-12-14T18:02:07.484-03:00  INFO 13876 --- [apiproducts] [main] j.LocalContainerEntityManagerFactoryBean : Initialized JPA EntityManagerFactory for persistence unit 'default'
2025-12-14T18:02:07.558-03:00  INFO 13876 --- [apiproducts] [main] o.s.d.j.r.query.QueryEnhancerFactories   : Hibernate is in classpath; If applicable, HQL parser will be used.
2025-12-14T18:02:08.248-03:00  WARN 13876 --- [apiproducts] [main] JpaBaseConfiguration$JpaWebConfiguration : spring.jpa.open-in-view is enabled by default. Therefore, database queries may be performed during view rendering. Explicitly configure spring.jpa.open-in-view to disable this warning
2025-12-14T18:02:08.292-03:00  INFO 13876 --- [apiproducts] [main] o.s.v.b.OptionalValidatorFactoryBean     : Failed to set up a Bean Validation provider: jakarta.validation.NoProviderFoundException: Unable to create a Configuration, because no Jakarta Validation provider could be found. Add a provider like Hibernate Validator (RI) to your classpath.
2025-12-14T18:02:08.613-03:00  INFO 13876 --- [apiproducts] [main] o.s.boot.tomcat.TomcatWebServer          : Tomcat started on port 8180 (http) with context path '/'
2025-12-14T18:02:08.619-03:00  INFO 13876 --- [apiproducts] [main] c.p.apiproducts.ApiproductsApplication   : Started ApiproductsApplication in 5.081 seconds (process running for 5.445)
2025-12-14T18:22:33.430-03:00  INFO 13876 --- [apiproducts] [http-nio-8180-exec-2] o.a.c.c.C.[Tomcat].[localhost].[/]       : Initializing Spring DispatcherServlet 'dispatcherServlet'
2025-12-14T18:22:33.431-03:00  INFO 13876 --- [apiproducts] [http-nio-8180-exec-2] o.s.web.servlet.DispatcherServlet        : Initializing Servlet 'dispatcherServlet'
2025-12-14T18:22:33.432-03:00  INFO 13876 --- [apiproducts] [http-nio-8180-exec-2] o.s.web.servlet.DispatcherServlet        : Completed initialization in 1 ms
2025-12-14T18:23:16.112-03:00 ERROR 13876 --- [apiproducts] [http-nio-8180-exec-1] o.a.c.c.C.[.[.[/].[dispatcherServlet]    : Servlet.service() for servlet [dispatcherServlet] in context with path [] threw exception [Request processing failed: org.springframework.dao.DataIntegrityViolationException: not-null property references a null or transient value for entity com.prodbackend.apiproducts.entity.Usuario.password] with root cause

org.hibernate.PropertyValueException: not-null property references a null or transient value for entity com.prodbackend.apiproducts.entity.Usuario.password
	at org.hibernate.engine.internal.Nullability.checkNullability(Nullability.java:120) ~[hibernate-core-7.1.8.Final.jar:7.1.8.Final]
	at org.hibernate.event.internal.DefaultFlushEntityEventListener.scheduleUpdate(DefaultFlushEntityEventListener.java:253) ~[hibernate-core-7.1.8.Final.jar:7.1.8.Final]
	at org.hibernate.event.internal.DefaultFlushEntityEventListener.onFlushEntity(DefaultFlushEntityEventListener.java:143) ~[hibernate-core-7.1.8.Final.jar:7.1.8.Final]
	at org.hibernate.event.service.internal.EventListenerGroupImpl.fireEventOnEachListener(EventListenerGroupImpl.java:140) ~[hibernate-core-7.1.8.Final.jar:7.1.8.Final]
	at org.hibernate.event.internal.AbstractFlushingEventListener.flushEntities(AbstractFlushingEventListener.java:235) ~[hibernate-core-7.1.8.Final.jar:7.1.8.Final]
	at org.hibernate.event.internal.AbstractFlushingEventListener.flushEverythingToExecutions(AbstractFlushingEventListener.java:75) ~[hibernate-core-7.1.8.Final.jar:7.1.8.Final]
	at org.hibernate.event.internal.AbstractFlushingEventListener.flushEverythingToExecutions(AbstractFlushingEventListener.java:69) ~[hibernate-core-7.1.8.Final.jar:7.1.8.Final]
	at org.hibernate.event.internal.DefaultFlushEventListener.onFlush(DefaultFlushEventListener.java:38) ~[hibernate-core-7.1.8.Final.jar:7.1.8.Final]
	at org.hibernate.event.service.internal.EventListenerGroupImpl.fireEventOnEachListener(EventListenerGroupImpl.java:140) ~[hibernate-core-7.1.8.Final.jar:7.1.8.Final]
	at org.hibernate.internal.SessionImpl.doFlush(SessionImpl.java:1447) ~[hibernate-core-7.1.8.Final.jar:7.1.8.Final]
	at org.hibernate.internal.SessionImpl.managedFlush(SessionImpl.java:488) ~[hibernate-core-7.1.8.Final.jar:7.1.8.Final]
	at org.hibernate.internal.SessionImpl.flushBeforeTransactionCompletion(SessionImpl.java:2325) ~[hibernate-core-7.1.8.Final.jar:7.1.8.Final]
	at org.hibernate.internal.SessionImpl.beforeTransactionCompletion(SessionImpl.java:2033) ~[hibernate-core-7.1.8.Final.jar:7.1.8.Final]
	at org.hibernate.engine.jdbc.internal.JdbcCoordinatorImpl.beforeTransactionCompletion(JdbcCoordinatorImpl.java:394) ~[hibernate-core-7.1.8.Final.jar:7.1.8.Final]
	at org.hibernate.resource.transaction.backend.jdbc.internal.JdbcResourceLocalTransactionCoordinatorImpl.beforeCompletionCallback(JdbcResourceLocalTransactionCoordinatorImpl.java:167) ~[hibernate-core-7.1.8.Final.jar:7.1.8.Final]
	at org.hibernate.resource.transaction.backend.jdbc.internal.JdbcResourceLocalTransactionCoordinatorImpl$TransactionDriverControlImpl.commitNoRollbackOnly(JdbcResourceLocalTransactionCoordinatorImpl.java:249) ~[hibernate-core-7.1.8.Final.jar:7.1.8.Final]
	at org.hibernate.resource.transaction.backend.jdbc.internal.JdbcResourceLocalTransactionCoordinatorImpl$TransactionDriverControlImpl.commit(JdbcResourceLocalTransactionCoordinatorImpl.java:243) ~[hibernate-core-7.1.8.Final.jar:7.1.8.Final]
	at org.hibernate.engine.transaction.internal.TransactionImpl.commit(TransactionImpl.java:90) ~[hibernate-core-7.1.8.Final.jar:7.1.8.Final]
	at org.springframework.orm.jpa.JpaTransactionManager.doCommit(JpaTransactionManager.java:553) ~[spring-orm-7.0.1.jar:7.0.1]
	at org.springframework.transaction.support.AbstractPlatformTransactionManager.processCommit(AbstractPlatformTransactionManager.java:794) ~[spring-tx-7.0.1.jar:7.0.1]
	at org.springframework.transaction.support.AbstractPlatformTransactionManager.commit(AbstractPlatformTransactionManager.java:757) ~[spring-tx-7.0.1.jar:7.0.1]
	at org.springframework.transaction.interceptor.TransactionAspectSupport.commitTransactionAfterReturning(TransactionAspectSupport.java:684) ~[spring-tx-7.0.1.jar:7.0.1]
	at org.springframework.transaction.interceptor.TransactionAspectSupport.invokeWithinTransaction(TransactionAspectSupport.java:406) ~[spring-tx-7.0.1.jar:7.0.1]
	at org.springframework.transaction.interceptor.TransactionInterceptor.invoke(TransactionInterceptor.java:118) ~[spring-tx-7.0.1.jar:7.0.1]
	at org.springframework.aop.framework.ReflectiveMethodInvocation.proceed(ReflectiveMethodInvocation.java:179) ~[spring-aop-7.0.1.jar:7.0.1]
	at org.springframework.dao.support.PersistenceExceptionTranslationInterceptor.invoke(PersistenceExceptionTranslationInterceptor.java:135) ~[spring-tx-7.0.1.jar:7.0.1]
	at org.springframework.aop.framework.ReflectiveMethodInvocation.proceed(ReflectiveMethodInvocation.java:179) ~[spring-aop-7.0.1.jar:7.0.1]
	at org.springframework.data.jpa.repository.support.CrudMethodMetadataPostProcessor$CrudMethodMetadataPopulatingMethodInterceptor.invoke(CrudMethodMetadataPostProcessor.java:166) ~[spring-data-jpa-4.0.0.jar:4.0.0]
	at org.springframework.aop.framework.ReflectiveMethodInvocation.proceed(ReflectiveMethodInvocation.java:179) ~[spring-aop-7.0.1.jar:7.0.1]
	at org.springframework.aop.framework.JdkDynamicAopProxy.invoke(JdkDynamicAopProxy.java:222) ~[spring-aop-7.0.1.jar:7.0.1]
	at jdk.proxy2/jdk.proxy2.$Proxy141.save(Unknown Source) ~[na:na]
	at com.prodbackend.apiproducts.service.UsuarioService.actualizarUsuario(UsuarioService.java:44) ~[classes/:na]
	at com.prodbackend.apiproducts.controller.UsuarioController.actualizarUsuario(UsuarioController.java:64) ~[classes/:na]
	at java.base/jdk.internal.reflect.DirectMethodHandleAccessor.invoke(Unknown Source) ~[na:na]
	at java.base/java.lang.reflect.Method.invoke(Unknown Source) ~[na:na]
	at org.springframework.web.method.support.InvocableHandlerMethod.doInvoke(InvocableHandlerMethod.java:258) ~[spring-web-7.0.1.jar:7.0.1]
	at org.springframework.web.method.support.InvocableHandlerMethod.invokeForRequest(InvocableHandlerMethod.java:190) ~[spring-web-7.0.1.jar:7.0.1]
	at org.springframework.web.servlet.mvc.method.annotation.ServletInvocableHandlerMethod.invokeAndHandle(ServletInvocableHandlerMethod.java:117) ~[spring-webmvc-7.0.1.jar:7.0.1]
	at org.springframework.web.servlet.mvc.method.annotation.RequestMappingHandlerAdapter.invokeHandlerMethod(RequestMappingHandlerAdapter.java:934) ~[spring-webmvc-7.0.1.jar:7.0.1]
	at org.springframework.web.servlet.mvc.method.annotation.RequestMappingHandlerAdapter.handleInternal(RequestMappingHandlerAdapter.java:853) ~[spring-webmvc-7.0.1.jar:7.0.1]
	at org.springframework.web.servlet.mvc.method.AbstractHandlerMethodAdapter.handle(AbstractHandlerMethodAdapter.java:86) ~[spring-webmvc-7.0.1.jar:7.0.1]
	at org.springframework.web.servlet.DispatcherServlet.doDispatch(DispatcherServlet.java:963) ~[spring-webmvc-7.0.1.jar:7.0.1]
	at org.springframework.web.servlet.DispatcherServlet.doService(DispatcherServlet.java:866) ~[spring-webmvc-7.0.1.jar:7.0.1]
	at org.springframework.web.servlet.FrameworkServlet.processRequest(FrameworkServlet.java:1003) ~[spring-webmvc-7.0.1.jar:7.0.1]
	at org.springframework.web.servlet.FrameworkServlet.doPut(FrameworkServlet.java:914) ~[spring-webmvc-7.0.1.jar:7.0.1]
	at jakarta.servlet.http.HttpServlet.service(HttpServlet.java:650) ~[tomcat-embed-core-11.0.14.jar:6.1]
	at org.springframework.web.servlet.FrameworkServlet.service(FrameworkServlet.java:874) ~[spring-webmvc-7.0.1.jar:7.0.1]
	at jakarta.servlet.http.HttpServlet.service(HttpServlet.java:710) ~[tomcat-embed-core-11.0.14.jar:6.1]
	at org.apache.catalina.core.ApplicationFilterChain.doFilter(ApplicationFilterChain.java:128) ~[tomcat-embed-core-11.0.14.jar:11.0.14]
	at org.apache.tomcat.websocket.server.WsFilter.doFilter(WsFilter.java:53) ~[tomcat-embed-websocket-11.0.14.jar:11.0.14]
	at org.apache.catalina.core.ApplicationFilterChain.doFilter(ApplicationFilterChain.java:107) ~[tomcat-embed-core-11.0.14.jar:11.0.14]
	at org.springframework.web.filter.RequestContextFilter.doFilterInternal(RequestContextFilter.java:100) ~[spring-web-7.0.1.jar:7.0.1]
	at org.springframework.web.filter.OncePerRequestFilter.doFilter(OncePerRequestFilter.java:116) ~[spring-web-7.0.1.jar:7.0.1]
	at org.apache.catalina.core.ApplicationFilterChain.doFilter(ApplicationFilterChain.java:107) ~[tomcat-embed-core-11.0.14.jar:11.0.14]
	at org.springframework.web.filter.FormContentFilter.doFilterInternal(FormContentFilter.java:93) ~[spring-web-7.0.1.jar:7.0.1]
	at org.springframework.web.filter.OncePerRequestFilter.doFilter(OncePerRequestFilter.java:116) ~[spring-web-7.0.1.jar:7.0.1]
	at org.apache.catalina.core.ApplicationFilterChain.doFilter(ApplicationFilterChain.java:107) ~[tomcat-embed-core-11.0.14.jar:11.0.14]
	at org.springframework.web.filter.CharacterEncodingFilter.doFilterInternal(CharacterEncodingFilter.java:199) ~[spring-web-7.0.1.jar:7.0.1]
	at org.springframework.web.filter.OncePerRequestFilter.doFilter(OncePerRequestFilter.java:116) ~[spring-web-7.0.1.jar:7.0.1]
	at org.apache.catalina.core.ApplicationFilterChain.doFilter(ApplicationFilterChain.java:107) ~[tomcat-embed-core-11.0.14.jar:11.0.14]
	at org.apache.catalina.core.StandardWrapperValve.invoke(StandardWrapperValve.java:165) ~[tomcat-embed-core-11.0.14.jar:11.0.14]
	at org.apache.catalina.core.StandardContextValve.invoke(StandardContextValve.java:77) ~[tomcat-embed-core-11.0.14.jar:11.0.14]
	at org.apache.catalina.authenticator.AuthenticatorBase.invoke(AuthenticatorBase.java:482) ~[tomcat-embed-core-11.0.14.jar:11.0.14]
	at org.apache.catalina.core.StandardHostValve.invoke(StandardHostValve.java:113) ~[tomcat-embed-core-11.0.14.jar:11.0.14]
	at org.apache.catalina.valves.ErrorReportValve.invoke(ErrorReportValve.java:83) ~[tomcat-embed-core-11.0.14.jar:11.0.14]
	at org.apache.catalina.core.StandardEngineValve.invoke(StandardEngineValve.java:72) ~[tomcat-embed-core-11.0.14.jar:11.0.14]
	at org.apache.catalina.connector.CoyoteAdapter.service(CoyoteAdapter.java:341) ~[tomcat-embed-core-11.0.14.jar:11.0.14]
	at org.apache.coyote.http11.Http11Processor.service(Http11Processor.java:397) ~[tomcat-embed-core-11.0.14.jar:11.0.14]
	at org.apache.coyote.AbstractProcessorLight.process(AbstractProcessorLight.java:63) ~[tomcat-embed-core-11.0.14.jar:11.0.14]
	at org.apache.coyote.AbstractProtocol$ConnectionHandler.process(AbstractProtocol.java:903) ~[tomcat-embed-core-11.0.14.jar:11.0.14]
	at org.apache.tomcat.util.net.NioEndpoint$SocketProcessor.doRun(NioEndpoint.java:1778) ~[tomcat-embed-core-11.0.14.jar:11.0.14]
	at org.apache.tomcat.util.net.SocketProcessorBase.run(SocketProcessorBase.java:52) ~[tomcat-embed-core-11.0.14.jar:11.0.14]
	at org.apache.tomcat.util.threads.ThreadPoolExecutor.runWorker(ThreadPoolExecutor.java:946) ~[tomcat-embed-core-11.0.14.jar:11.0.14]
	at org.apache.tomcat.util.threads.ThreadPoolExecutor$Worker.run(ThreadPoolExecutor.java:480) ~[tomcat-embed-core-11.0.14.jar:11.0.14]
	at org.apache.tomcat.util.threads.TaskThread$WrappingRunnable.run(TaskThread.java:57) ~[tomcat-embed-core-11.0.14.jar:11.0.14]
	at java.base/java.lang.Thread.run(Unknown Source) ~[na:na]

2025-12-14T18:23:28.029-03:00 ERROR 13876 --- [apiproducts] [http-nio-8180-exec-6] o.a.c.c.C.[.[.[/].[dispatcherServlet]    : Servlet.service() for servlet [dispatcherServlet] in context with path [] threw exception [Request processing failed: org.springframework.dao.DataIntegrityViolationException: not-null property references a null or transient value for entity com.prodbackend.apiproducts.entity.Usuario.password] with root cause

org.hibernate.PropertyValueException: not-null property references a null or transient value for entity com.prodbackend.apiproducts.entity.Usuario.password
	at org.hibernate.engine.internal.Nullability.checkNullability(Nullability.java:120) ~[hibernate-core-7.1.8.Final.jar:7.1.8.Final]
	at org.hibernate.event.internal.DefaultFlushEntityEventListener.scheduleUpdate(DefaultFlushEntityEventListener.java:253) ~[hibernate-core-7.1.8.Final.jar:7.1.8.Final]
	at org.hibernate.event.internal.DefaultFlushEntityEventListener.onFlushEntity(DefaultFlushEntityEventListener.java:143) ~[hibernate-core-7.1.8.Final.jar:7.1.8.Final]
	at org.hibernate.event.service.internal.EventListenerGroupImpl.fireEventOnEachListener(EventListenerGroupImpl.java:140) ~[hibernate-core-7.1.8.Final.jar:7.1.8.Final]
	at org.hibernate.event.internal.AbstractFlushingEventListener.flushEntities(AbstractFlushingEventListener.java:235) ~[hibernate-core-7.1.8.Final.jar:7.1.8.Final]
	at org.hibernate.event.internal.AbstractFlushingEventListener.flushEverythingToExecutions(AbstractFlushingEventListener.java:75) ~[hibernate-core-7.1.8.Final.jar:7.1.8.Final]
	at org.hibernate.event.internal.AbstractFlushingEventListener.flushEverythingToExecutions(AbstractFlushingEventListener.java:69) ~[hibernate-core-7.1.8.Final.jar:7.1.8.Final]
	at org.hibernate.event.internal.DefaultFlushEventListener.onFlush(DefaultFlushEventListener.java:38) ~[hibernate-core-7.1.8.Final.jar:7.1.8.Final]
	at org.hibernate.event.service.internal.EventListenerGroupImpl.fireEventOnEachListener(EventListenerGroupImpl.java:140) ~[hibernate-core-7.1.8.Final.jar:7.1.8.Final]
	at org.hibernate.internal.SessionImpl.doFlush(SessionImpl.java:1447) ~[hibernate-core-7.1.8.Final.jar:7.1.8.Final]
	at org.hibernate.internal.SessionImpl.managedFlush(SessionImpl.java:488) ~[hibernate-core-7.1.8.Final.jar:7.1.8.Final]
	at org.hibernate.internal.SessionImpl.flushBeforeTransactionCompletion(SessionImpl.java:2325) ~[hibernate-core-7.1.8.Final.jar:7.1.8.Final]
	at org.hibernate.internal.SessionImpl.beforeTransactionCompletion(SessionImpl.java:2033) ~[hibernate-core-7.1.8.Final.jar:7.1.8.Final]
	at org.hibernate.engine.jdbc.internal.JdbcCoordinatorImpl.beforeTransactionCompletion(JdbcCoordinatorImpl.java:394) ~[hibernate-core-7.1.8.Final.jar:7.1.8.Final]
	at org.hibernate.resource.transaction.backend.jdbc.internal.JdbcResourceLocalTransactionCoordinatorImpl.beforeCompletionCallback(JdbcResourceLocalTransactionCoordinatorImpl.java:167) ~[hibernate-core-7.1.8.Final.jar:7.1.8.Final]
	at org.hibernate.resource.transaction.backend.jdbc.internal.JdbcResourceLocalTransactionCoordinatorImpl$TransactionDriverControlImpl.commitNoRollbackOnly(JdbcResourceLocalTransactionCoordinatorImpl.java:249) ~[hibernate-core-7.1.8.Final.jar:7.1.8.Final]
	at org.hibernate.resource.transaction.backend.jdbc.internal.JdbcResourceLocalTransactionCoordinatorImpl$TransactionDriverControlImpl.commit(JdbcResourceLocalTransactionCoordinatorImpl.java:243) ~[hibernate-core-7.1.8.Final.jar:7.1.8.Final]
	at org.hibernate.engine.transaction.internal.TransactionImpl.commit(TransactionImpl.java:90) ~[hibernate-core-7.1.8.Final.jar:7.1.8.Final]
	at org.springframework.orm.jpa.JpaTransactionManager.doCommit(JpaTransactionManager.java:553) ~[spring-orm-7.0.1.jar:7.0.1]
	at org.springframework.transaction.support.AbstractPlatformTransactionManager.processCommit(AbstractPlatformTransactionManager.java:794) ~[spring-tx-7.0.1.jar:7.0.1]
	at org.springframework.transaction.support.AbstractPlatformTransactionManager.commit(AbstractPlatformTransactionManager.java:757) ~[spring-tx-7.0.1.jar:7.0.1]
	at org.springframework.transaction.interceptor.TransactionAspectSupport.commitTransactionAfterReturning(TransactionAspectSupport.java:684) ~[spring-tx-7.0.1.jar:7.0.1]
	at org.springframework.transaction.interceptor.TransactionAspectSupport.invokeWithinTransaction(TransactionAspectSupport.java:406) ~[spring-tx-7.0.1.jar:7.0.1]
	at org.springframework.transaction.interceptor.TransactionInterceptor.invoke(TransactionInterceptor.java:118) ~[spring-tx-7.0.1.jar:7.0.1]
	at org.springframework.aop.framework.ReflectiveMethodInvocation.proceed(ReflectiveMethodInvocation.java:179) ~[spring-aop-7.0.1.jar:7.0.1]
	at org.springframework.dao.support.PersistenceExceptionTranslationInterceptor.invoke(PersistenceExceptionTranslationInterceptor.java:135) ~[spring-tx-7.0.1.jar:7.0.1]
	at org.springframework.aop.framework.ReflectiveMethodInvocation.proceed(ReflectiveMethodInvocation.java:179) ~[spring-aop-7.0.1.jar:7.0.1]
	at org.springframework.data.jpa.repository.support.CrudMethodMetadataPostProcessor$CrudMethodMetadataPopulatingMethodInterceptor.invoke(CrudMethodMetadataPostProcessor.java:166) ~[spring-data-jpa-4.0.0.jar:4.0.0]
	at org.springframework.aop.framework.ReflectiveMethodInvocation.proceed(ReflectiveMethodInvocation.java:179) ~[spring-aop-7.0.1.jar:7.0.1]
	at org.springframework.aop.framework.JdkDynamicAopProxy.invoke(JdkDynamicAopProxy.java:222) ~[spring-aop-7.0.1.jar:7.0.1]
	at jdk.proxy2/jdk.proxy2.$Proxy141.save(Unknown Source) ~[na:na]
	at com.prodbackend.apiproducts.service.UsuarioService.actualizarUsuario(UsuarioService.java:44) ~[classes/:na]
	at com.prodbackend.apiproducts.controller.UsuarioController.actualizarUsuario(UsuarioController.java:64) ~[classes/:na]
	at java.base/jdk.internal.reflect.DirectMethodHandleAccessor.invoke(Unknown Source) ~[na:na]
	at java.base/java.lang.reflect.Method.invoke(Unknown Source) ~[na:na]
	at org.springframework.web.method.support.InvocableHandlerMethod.doInvoke(InvocableHandlerMethod.java:258) ~[spring-web-7.0.1.jar:7.0.1]
	at org.springframework.web.method.support.InvocableHandlerMethod.invokeForRequest(InvocableHandlerMethod.java:190) ~[spring-web-7.0.1.jar:7.0.1]
	at org.springframework.web.servlet.mvc.method.annotation.ServletInvocableHandlerMethod.invokeAndHandle(ServletInvocableHandlerMethod.java:117) ~[spring-webmvc-7.0.1.jar:7.0.1]
	at org.springframework.web.servlet.mvc.method.annotation.RequestMappingHandlerAdapter.invokeHandlerMethod(RequestMappingHandlerAdapter.java:934) ~[spring-webmvc-7.0.1.jar:7.0.1]
	at org.springframework.web.servlet.mvc.method.annotation.RequestMappingHandlerAdapter.handleInternal(RequestMappingHandlerAdapter.java:853) ~[spring-webmvc-7.0.1.jar:7.0.1]
	at org.springframework.web.servlet.mvc.method.AbstractHandlerMethodAdapter.handle(AbstractHandlerMethodAdapter.java:86) ~[spring-webmvc-7.0.1.jar:7.0.1]
	at org.springframework.web.servlet.DispatcherServlet.doDispatch(DispatcherServlet.java:963) ~[spring-webmvc-7.0.1.jar:7.0.1]
	at org.springframework.web.servlet.DispatcherServlet.doService(DispatcherServlet.java:866) ~[spring-webmvc-7.0.1.jar:7.0.1]
	at org.springframework.web.servlet.FrameworkServlet.processRequest(FrameworkServlet.java:1003) ~[spring-webmvc-7.0.1.jar:7.0.1]
	at org.springframework.web.servlet.FrameworkServlet.doPut(FrameworkServlet.java:914) ~[spring-webmvc-7.0.1.jar:7.0.1]
	at jakarta.servlet.http.HttpServlet.service(HttpServlet.java:650) ~[tomcat-embed-core-11.0.14.jar:6.1]
	at org.springframework.web.servlet.FrameworkServlet.service(FrameworkServlet.java:874) ~[spring-webmvc-7.0.1.jar:7.0.1]
	at jakarta.servlet.http.HttpServlet.service(HttpServlet.java:710) ~[tomcat-embed-core-11.0.14.jar:6.1]
	at org.apache.catalina.core.ApplicationFilterChain.doFilter(ApplicationFilterChain.java:128) ~[tomcat-embed-core-11.0.14.jar:11.0.14]
	at org.apache.tomcat.websocket.server.WsFilter.doFilter(WsFilter.java:53) ~[tomcat-embed-websocket-11.0.14.jar:11.0.14]
	at org.apache.catalina.core.ApplicationFilterChain.doFilter(ApplicationFilterChain.java:107) ~[tomcat-embed-core-11.0.14.jar:11.0.14]
	at org.springframework.web.filter.RequestContextFilter.doFilterInternal(RequestContextFilter.java:100) ~[spring-web-7.0.1.jar:7.0.1]
	at org.springframework.web.filter.OncePerRequestFilter.doFilter(OncePerRequestFilter.java:116) ~[spring-web-7.0.1.jar:7.0.1]
	at org.apache.catalina.core.ApplicationFilterChain.doFilter(ApplicationFilterChain.java:107) ~[tomcat-embed-core-11.0.14.jar:11.0.14]
	at org.springframework.web.filter.FormContentFilter.doFilterInternal(FormContentFilter.java:93) ~[spring-web-7.0.1.jar:7.0.1]
	at org.springframework.web.filter.OncePerRequestFilter.doFilter(OncePerRequestFilter.java:116) ~[spring-web-7.0.1.jar:7.0.1]
	at org.apache.catalina.core.ApplicationFilterChain.doFilter(ApplicationFilterChain.java:107) ~[tomcat-embed-core-11.0.14.jar:11.0.14]
	at org.springframework.web.filter.CharacterEncodingFilter.doFilterInternal(CharacterEncodingFilter.java:199) ~[spring-web-7.0.1.jar:7.0.1]
	at org.springframework.web.filter.OncePerRequestFilter.doFilter(OncePerRequestFilter.java:116) ~[spring-web-7.0.1.jar:7.0.1]
	at org.apache.catalina.core.ApplicationFilterChain.doFilter(ApplicationFilterChain.java:107) ~[tomcat-embed-core-11.0.14.jar:11.0.14]
	at org.apache.catalina.core.StandardWrapperValve.invoke(StandardWrapperValve.java:165) ~[tomcat-embed-core-11.0.14.jar:11.0.14]
	at org.apache.catalina.core.StandardContextValve.invoke(StandardContextValve.java:77) ~[tomcat-embed-core-11.0.14.jar:11.0.14]
	at org.apache.catalina.authenticator.AuthenticatorBase.invoke(AuthenticatorBase.java:482) ~[tomcat-embed-core-11.0.14.jar:11.0.14]
	at org.apache.catalina.core.StandardHostValve.invoke(StandardHostValve.java:113) ~[tomcat-embed-core-11.0.14.jar:11.0.14]
	at org.apache.catalina.valves.ErrorReportValve.invoke(ErrorReportValve.java:83) ~[tomcat-embed-core-11.0.14.jar:11.0.14]
	at org.apache.catalina.core.StandardEngineValve.invoke(StandardEngineValve.java:72) ~[tomcat-embed-core-11.0.14.jar:11.0.14]
	at org.apache.catalina.connector.CoyoteAdapter.service(CoyoteAdapter.java:341) ~[tomcat-embed-core-11.0.14.jar:11.0.14]
	at org.apache.coyote.http11.Http11Processor.service(Http11Processor.java:397) ~[tomcat-embed-core-11.0.14.jar:11.0.14]
	at org.apache.coyote.AbstractProcessorLight.process(AbstractProcessorLight.java:63) ~[tomcat-embed-core-11.0.14.jar:11.0.14]
	at org.apache.coyote.AbstractProtocol$ConnectionHandler.process(AbstractProtocol.java:903) ~[tomcat-embed-core-11.0.14.jar:11.0.14]
	at org.apache.tomcat.util.net.NioEndpoint$SocketProcessor.doRun(NioEndpoint.java:1778) ~[tomcat-embed-core-11.0.14.jar:11.0.14]
	at org.apache.tomcat.util.net.SocketProcessorBase.run(SocketProcessorBase.java:52) ~[tomcat-embed-core-11.0.14.jar:11.0.14]
	at org.apache.tomcat.util.threads.ThreadPoolExecutor.runWorker(ThreadPoolExecutor.java:946) ~[tomcat-embed-core-11.0.14.jar:11.0.14]
	at org.apache.tomcat.util.threads.ThreadPoolExecutor$Worker.run(ThreadPoolExecutor.java:480) ~[tomcat-embed-core-11.0.14.jar:11.0.14]
	at org.apache.tomcat.util.threads.TaskThread$WrappingRunnable.run(TaskThread.java:57) ~[tomcat-embed-core-11.0.14.jar:11.0.14]
	at java.base/java.lang.Thread.run(Unknown Source) ~[na:na]

2025-12-14T18:23:30.173-03:00 ERROR 13876 --- [apiproducts] [http-nio-8180-exec-5] o.a.c.c.C.[.[.[/].[dispatcherServlet]    : Servlet.service() for servlet [dispatcherServlet] in context with path [] threw exception [Request processing failed: org.springframework.dao.DataIntegrityViolationException: not-null property references a null or transient value for entity com.prodbackend.apiproducts.entity.Usuario.password] with root cause

org.hibernate.PropertyValueException: not-null property references a null or transient value for entity com.prodbackend.apiproducts.entity.Usuario.password
	at org.hibernate.engine.internal.Nullability.checkNullability(Nullability.java:120) ~[hibernate-core-7.1.8.Final.jar:7.1.8.Final]
	at org.hibernate.event.internal.DefaultFlushEntityEventListener.scheduleUpdate(DefaultFlushEntityEventListener.java:253) ~[hibernate-core-7.1.8.Final.jar:7.1.8.Final]
	at org.hibernate.event.internal.DefaultFlushEntityEventListener.onFlushEntity(DefaultFlushEntityEventListener.java:143) ~[hibernate-core-7.1.8.Final.jar:7.1.8.Final]
	at org.hibernate.event.service.internal.EventListenerGroupImpl.fireEventOnEachListener(EventListenerGroupImpl.java:140) ~[hibernate-core-7.1.8.Final.jar:7.1.8.Final]
	at org.hibernate.event.internal.AbstractFlushingEventListener.flushEntities(AbstractFlushingEventListener.java:235) ~[hibernate-core-7.1.8.Final.jar:7.1.8.Final]
	at org.hibernate.event.internal.AbstractFlushingEventListener.flushEverythingToExecutions(AbstractFlushingEventListener.java:75) ~[hibernate-core-7.1.8.Final.jar:7.1.8.Final]
	at org.hibernate.event.internal.AbstractFlushingEventListener.flushEverythingToExecutions(AbstractFlushingEventListener.java:69) ~[hibernate-core-7.1.8.Final.jar:7.1.8.Final]
	at org.hibernate.event.internal.DefaultFlushEventListener.onFlush(DefaultFlushEventListener.java:38) ~[hibernate-core-7.1.8.Final.jar:7.1.8.Final]
	at org.hibernate.event.service.internal.EventListenerGroupImpl.fireEventOnEachListener(EventListenerGroupImpl.java:140) ~[hibernate-core-7.1.8.Final.jar:7.1.8.Final]
	at org.hibernate.internal.SessionImpl.doFlush(SessionImpl.java:1447) ~[hibernate-core-7.1.8.Final.jar:7.1.8.Final]
	at org.hibernate.internal.SessionImpl.managedFlush(SessionImpl.java:488) ~[hibernate-core-7.1.8.Final.jar:7.1.8.Final]
	at org.hibernate.internal.SessionImpl.flushBeforeTransactionCompletion(SessionImpl.java:2325) ~[hibernate-core-7.1.8.Final.jar:7.1.8.Final]
	at org.hibernate.internal.SessionImpl.beforeTransactionCompletion(SessionImpl.java:2033) ~[hibernate-core-7.1.8.Final.jar:7.1.8.Final]
	at org.hibernate.engine.jdbc.internal.JdbcCoordinatorImpl.beforeTransactionCompletion(JdbcCoordinatorImpl.java:394) ~[hibernate-core-7.1.8.Final.jar:7.1.8.Final]
	at org.hibernate.resource.transaction.backend.jdbc.internal.JdbcResourceLocalTransactionCoordinatorImpl.beforeCompletionCallback(JdbcResourceLocalTransactionCoordinatorImpl.java:167) ~[hibernate-core-7.1.8.Final.jar:7.1.8.Final]
	at org.hibernate.resource.transaction.backend.jdbc.internal.JdbcResourceLocalTransactionCoordinatorImpl$TransactionDriverControlImpl.commitNoRollbackOnly(JdbcResourceLocalTransactionCoordinatorImpl.java:249) ~[hibernate-core-7.1.8.Final.jar:7.1.8.Final]
	at org.hibernate.resource.transaction.backend.jdbc.internal.JdbcResourceLocalTransactionCoordinatorImpl$TransactionDriverControlImpl.commit(JdbcResourceLocalTransactionCoordinatorImpl.java:243) ~[hibernate-core-7.1.8.Final.jar:7.1.8.Final]
	at org.hibernate.engine.transaction.internal.TransactionImpl.commit(TransactionImpl.java:90) ~[hibernate-core-7.1.8.Final.jar:7.1.8.Final]
	at org.springframework.orm.jpa.JpaTransactionManager.doCommit(JpaTransactionManager.java:553) ~[spring-orm-7.0.1.jar:7.0.1]
	at org.springframework.transaction.support.AbstractPlatformTransactionManager.processCommit(AbstractPlatformTransactionManager.java:794) ~[spring-tx-7.0.1.jar:7.0.1]
	at org.springframework.transaction.support.AbstractPlatformTransactionManager.commit(AbstractPlatformTransactionManager.java:757) ~[spring-tx-7.0.1.jar:7.0.1]
	at org.springframework.transaction.interceptor.TransactionAspectSupport.commitTransactionAfterReturning(TransactionAspectSupport.java:684) ~[spring-tx-7.0.1.jar:7.0.1]
	at org.springframework.transaction.interceptor.TransactionAspectSupport.invokeWithinTransaction(TransactionAspectSupport.java:406) ~[spring-tx-7.0.1.jar:7.0.1]
	at org.springframework.transaction.interceptor.TransactionInterceptor.invoke(TransactionInterceptor.java:118) ~[spring-tx-7.0.1.jar:7.0.1]
	at org.springframework.aop.framework.ReflectiveMethodInvocation.proceed(ReflectiveMethodInvocation.java:179) ~[spring-aop-7.0.1.jar:7.0.1]
	at org.springframework.dao.support.PersistenceExceptionTranslationInterceptor.invoke(PersistenceExceptionTranslationInterceptor.java:135) ~[spring-tx-7.0.1.jar:7.0.1]
	at org.springframework.aop.framework.ReflectiveMethodInvocation.proceed(ReflectiveMethodInvocation.java:179) ~[spring-aop-7.0.1.jar:7.0.1]
	at org.springframework.data.jpa.repository.support.CrudMethodMetadataPostProcessor$CrudMethodMetadataPopulatingMethodInterceptor.invoke(CrudMethodMetadataPostProcessor.java:166) ~[spring-data-jpa-4.0.0.jar:4.0.0]
	at org.springframework.aop.framework.ReflectiveMethodInvocation.proceed(ReflectiveMethodInvocation.java:179) ~[spring-aop-7.0.1.jar:7.0.1]
	at org.springframework.aop.framework.JdkDynamicAopProxy.invoke(JdkDynamicAopProxy.java:222) ~[spring-aop-7.0.1.jar:7.0.1]
	at jdk.proxy2/jdk.proxy2.$Proxy141.save(Unknown Source) ~[na:na]
	at com.prodbackend.apiproducts.service.UsuarioService.actualizarUsuario(UsuarioService.java:44) ~[classes/:na]
	at com.prodbackend.apiproducts.controller.UsuarioController.actualizarUsuario(UsuarioController.java:64) ~[classes/:na]
	at java.base/jdk.internal.reflect.DirectMethodHandleAccessor.invoke(Unknown Source) ~[na:na]
	at java.base/java.lang.reflect.Method.invoke(Unknown Source) ~[na:na]
	at org.springframework.web.method.support.InvocableHandlerMethod.doInvoke(InvocableHandlerMethod.java:258) ~[spring-web-7.0.1.jar:7.0.1]
	at org.springframework.web.method.support.InvocableHandlerMethod.invokeForRequest(InvocableHandlerMethod.java:190) ~[spring-web-7.0.1.jar:7.0.1]
	at org.springframework.web.servlet.mvc.method.annotation.ServletInvocableHandlerMethod.invokeAndHandle(ServletInvocableHandlerMethod.java:117) ~[spring-webmvc-7.0.1.jar:7.0.1]
	at org.springframework.web.servlet.mvc.method.annotation.RequestMappingHandlerAdapter.invokeHandlerMethod(RequestMappingHandlerAdapter.java:934) ~[spring-webmvc-7.0.1.jar:7.0.1]
	at org.springframework.web.servlet.mvc.method.annotation.RequestMappingHandlerAdapter.handleInternal(RequestMappingHandlerAdapter.java:853) ~[spring-webmvc-7.0.1.jar:7.0.1]
	at org.springframework.web.servlet.mvc.method.AbstractHandlerMethodAdapter.handle(AbstractHandlerMethodAdapter.java:86) ~[spring-webmvc-7.0.1.jar:7.0.1]
	at org.springframework.web.servlet.DispatcherServlet.doDispatch(DispatcherServlet.java:963) ~[spring-webmvc-7.0.1.jar:7.0.1]
	at org.springframework.web.servlet.DispatcherServlet.doService(DispatcherServlet.java:866) ~[spring-webmvc-7.0.1.jar:7.0.1]
	at org.springframework.web.servlet.FrameworkServlet.processRequest(FrameworkServlet.java:1003) ~[spring-webmvc-7.0.1.jar:7.0.1]
	at org.springframework.web.servlet.FrameworkServlet.doPut(FrameworkServlet.java:914) ~[spring-webmvc-7.0.1.jar:7.0.1]
	at jakarta.servlet.http.HttpServlet.service(HttpServlet.java:650) ~[tomcat-embed-core-11.0.14.jar:6.1]
	at org.springframework.web.servlet.FrameworkServlet.service(FrameworkServlet.java:874) ~[spring-webmvc-7.0.1.jar:7.0.1]
	at jakarta.servlet.http.HttpServlet.service(HttpServlet.java:710) ~[tomcat-embed-core-11.0.14.jar:6.1]
	at org.apache.catalina.core.ApplicationFilterChain.doFilter(ApplicationFilterChain.java:128) ~[tomcat-embed-core-11.0.14.jar:11.0.14]
	at org.apache.tomcat.websocket.server.WsFilter.doFilter(WsFilter.java:53) ~[tomcat-embed-websocket-11.0.14.jar:11.0.14]
	at org.apache.catalina.core.ApplicationFilterChain.doFilter(ApplicationFilterChain.java:107) ~[tomcat-embed-core-11.0.14.jar:11.0.14]
	at org.springframework.web.filter.RequestContextFilter.doFilterInternal(RequestContextFilter.java:100) ~[spring-web-7.0.1.jar:7.0.1]
	at org.springframework.web.filter.OncePerRequestFilter.doFilter(OncePerRequestFilter.java:116) ~[spring-web-7.0.1.jar:7.0.1]
	at org.apache.catalina.core.ApplicationFilterChain.doFilter(ApplicationFilterChain.java:107) ~[tomcat-embed-core-11.0.14.jar:11.0.14]
	at org.springframework.web.filter.FormContentFilter.doFilterInternal(FormContentFilter.java:93) ~[spring-web-7.0.1.jar:7.0.1]
	at org.springframework.web.filter.OncePerRequestFilter.doFilter(OncePerRequestFilter.java:116) ~[spring-web-7.0.1.jar:7.0.1]
	at org.apache.catalina.core.ApplicationFilterChain.doFilter(ApplicationFilterChain.java:107) ~[tomcat-embed-core-11.0.14.jar:11.0.14]
	at org.springframework.web.filter.CharacterEncodingFilter.doFilterInternal(CharacterEncodingFilter.java:199) ~[spring-web-7.0.1.jar:7.0.1]
	at org.springframework.web.filter.OncePerRequestFilter.doFilter(OncePerRequestFilter.java:116) ~[spring-web-7.0.1.jar:7.0.1]
	at org.apache.catalina.core.ApplicationFilterChain.doFilter(ApplicationFilterChain.java:107) ~[tomcat-embed-core-11.0.14.jar:11.0.14]
	at org.apache.catalina.core.StandardWrapperValve.invoke(StandardWrapperValve.java:165) ~[tomcat-embed-core-11.0.14.jar:11.0.14]
	at org.apache.catalina.core.StandardContextValve.invoke(StandardContextValve.java:77) ~[tomcat-embed-core-11.0.14.jar:11.0.14]
	at org.apache.catalina.authenticator.AuthenticatorBase.invoke(AuthenticatorBase.java:482) ~[tomcat-embed-core-11.0.14.jar:11.0.14]
	at org.apache.catalina.core.StandardHostValve.invoke(StandardHostValve.java:113) ~[tomcat-embed-core-11.0.14.jar:11.0.14]
	at org.apache.catalina.valves.ErrorReportValve.invoke(ErrorReportValve.java:83) ~[tomcat-embed-core-11.0.14.jar:11.0.14]
	at org.apache.catalina.core.StandardEngineValve.invoke(StandardEngineValve.java:72) ~[tomcat-embed-core-11.0.14.jar:11.0.14]
	at org.apache.catalina.connector.CoyoteAdapter.service(CoyoteAdapter.java:341) ~[tomcat-embed-core-11.0.14.jar:11.0.14]
	at org.apache.coyote.http11.Http11Processor.service(Http11Processor.java:397) ~[tomcat-embed-core-11.0.14.jar:11.0.14]
	at org.apache.coyote.AbstractProcessorLight.process(AbstractProcessorLight.java:63) ~[tomcat-embed-core-11.0.14.jar:11.0.14]
	at org.apache.coyote.AbstractProtocol$ConnectionHandler.process(AbstractProtocol.java:903) ~[tomcat-embed-core-11.0.14.jar:11.0.14]
	at org.apache.tomcat.util.net.NioEndpoint$SocketProcessor.doRun(NioEndpoint.java:1778) ~[tomcat-embed-core-11.0.14.jar:11.0.14]
	at org.apache.tomcat.util.net.SocketProcessorBase.run(SocketProcessorBase.java:52) ~[tomcat-embed-core-11.0.14.jar:11.0.14]
	at org.apache.tomcat.util.threads.ThreadPoolExecutor.runWorker(ThreadPoolExecutor.java:946) ~[tomcat-embed-core-11.0.14.jar:11.0.14]
	at org.apache.tomcat.util.threads.ThreadPoolExecutor$Worker.run(ThreadPoolExecutor.java:480) ~[tomcat-embed-core-11.0.14.jar:11.0.14]
	at org.apache.tomcat.util.threads.TaskThread$WrappingRunnable.run(TaskThread.java:57) ~[tomcat-embed-core-11.0.14.jar:11.0.14]
	at java.base/java.lang.Thread.run(Unknown Source) ~[na:na]

2025-12-14T18:23:40.754-03:00  INFO 244 --- [apiproducts] [main] c.p.apiproducts.ApiproductsApplication   : Starting ApiproductsApplication using Java 21.0.9 with PID 244 (C:\Users\PC GAMER\Downloads\pasteleriaBacken_Frontend-javabkd\target\classes started by PC GAMER in C:\Users\PC GAMER\Downloads\pasteleriaBacken_Frontend-javabkd)
2025-12-14T18:23:40.758-03:00  INFO 244 --- [apiproducts] [main] c.p.apiproducts.ApiproductsApplication   : No active profile set, falling back to 1 default profile: "default"
2025-12-14T18:23:41.394-03:00  INFO 244 --- [apiproducts] [main] .s.d.r.c.RepositoryConfigurationDelegate : Bootstrapping Spring Data JPA repositories in DEFAULT mode.
2025-12-14T18:23:41.446-03:00  INFO 244 --- [apiproducts] [main] .s.d.r.c.RepositoryConfigurationDelegate : Finished Spring Data repository scanning in 44 ms. Found 3 JPA repository interfaces.
2025-12-14T18:23:41.908-03:00  INFO 244 --- [apiproducts] [main] o.s.boot.tomcat.TomcatWebServer          : Tomcat initialized with port 8180 (http)
2025-12-14T18:23:41.923-03:00  INFO 244 --- [apiproducts] [main] o.apache.catalina.core.StandardService   : Starting service [Tomcat]
2025-12-14T18:23:41.924-03:00  INFO 244 --- [apiproducts] [main] o.apache.catalina.core.StandardEngine    : Starting Servlet engine: [Apache Tomcat/11.0.14]
2025-12-14T18:23:41.987-03:00  INFO 244 --- [apiproducts] [main] b.w.c.s.WebApplicationContextInitializer : Root WebApplicationContext: initialization completed in 1189 ms
2025-12-14T18:23:42.147-03:00  INFO 244 --- [apiproducts] [main] o.hibernate.jpa.internal.util.LogHelper  : HHH000204: Processing PersistenceUnitInfo [name: default]
2025-12-14T18:23:42.187-03:00  INFO 244 --- [apiproducts] [main] org.hibernate.Version                    : HHH000412: Hibernate ORM core version 7.1.8.Final
2025-12-14T18:23:42.569-03:00  INFO 244 --- [apiproducts] [main] o.s.o.j.p.SpringPersistenceUnitInfo      : No LoadTimeWeaver setup: ignoring JPA class transformer
2025-12-14T18:23:42.600-03:00  INFO 244 --- [apiproducts] [main] com.zaxxer.hikari.HikariDataSource       : HikariPool-1 - Starting...
2025-12-14T18:23:42.876-03:00  INFO 244 --- [apiproducts] [main] com.zaxxer.hikari.pool.HikariPool        : HikariPool-1 - Added connection com.mysql.cj.jdbc.ConnectionImpl@2cff03cf
2025-12-14T18:23:42.878-03:00  INFO 244 --- [apiproducts] [main] com.zaxxer.hikari.HikariDataSource       : HikariPool-1 - Start completed.
2025-12-14T18:23:42.938-03:00  INFO 244 --- [apiproducts] [main] org.hibernate.orm.connections.pooling    : HHH10001005: Database info:
	Database JDBC URL [jdbc:mysql://localhost:3306/productosbackend]
	Database driver: MySQL Connector/J
	Database dialect: MySQLDialect
	Database version: 8.2
	Default catalog/schema: productosbackend/undefined
	Autocommit mode: undefined/unknown
	Isolation level: REPEATABLE_READ [default REPEATABLE_READ]
	JDBC fetch size: none
	Pool: DatasourceConnectionProviderImpl
	Minimum pool size: undefined/unknown
	Maximum pool size: undefined/unknown
2025-12-14T18:23:43.611-03:00  INFO 244 --- [apiproducts] [main] o.h.e.t.j.p.i.JtaPlatformInitiator       : HHH000489: No JTA platform available (set 'hibernate.transaction.jta.platform' to enable JTA platform integration)
2025-12-14T18:23:43.682-03:00  INFO 244 --- [apiproducts] [main] j.LocalContainerEntityManagerFactoryBean : Initialized JPA EntityManagerFactory for persistence unit 'default'
2025-12-14T18:23:43.747-03:00  INFO 244 --- [apiproducts] [main] o.s.d.j.r.query.QueryEnhancerFactories   : Hibernate is in classpath; If applicable, HQL parser will be used.
2025-12-14T18:23:44.351-03:00  WARN 244 --- [apiproducts] [main] JpaBaseConfiguration$JpaWebConfiguration : spring.jpa.open-in-view is enabled by default. Therefore, database queries may be performed during view rendering. Explicitly configure spring.jpa.open-in-view to disable this warning
2025-12-14T18:23:44.390-03:00  INFO 244 --- [apiproducts] [main] o.s.v.b.OptionalValidatorFactoryBean     : Failed to set up a Bean Validation provider: jakarta.validation.NoProviderFoundException: Unable to create a Configuration, because no Jakarta Validation provider could be found. Add a provider like Hibernate Validator (RI) to your classpath.
2025-12-14T18:23:44.695-03:00  INFO 244 --- [apiproducts] [main] o.s.boot.tomcat.TomcatWebServer          : Tomcat started on port 8180 (http) with context path '/'
2025-12-14T18:23:44.702-03:00  INFO 244 --- [apiproducts] [main] c.p.apiproducts.ApiproductsApplication   : Started ApiproductsApplication in 4.329 seconds (process running for 4.667)
2025-12-14T18:23:59.113-03:00  INFO 244 --- [apiproducts] [http-nio-8180-exec-1] o.a.c.c.C.[Tomcat].[localhost].[/]       : Initializing Spring DispatcherServlet 'dispatcherServlet'
2025-12-14T18:23:59.113-03:00  INFO 244 --- [apiproducts] [http-nio-8180-exec-1] o.s.web.servlet.DispatcherServlet        : Initializing Servlet 'dispatcherServlet'
2025-12-14T18:23:59.115-03:00  INFO 244 --- [apiproducts] [http-nio-8180-exec-1] o.s.web.servlet.DispatcherServlet        : Completed initialization in 0 ms
2025-12-14T18:23:59.328-03:00 ERROR 244 --- [apiproducts] [http-nio-8180-exec-1] o.a.c.c.C.[.[.[/].[dispatcherServlet]    : Servlet.service() for servlet [dispatcherServlet] in context with path [] threw exception [Request processing failed: org.springframework.dao.DataIntegrityViolationException: not-null property references a null or transient value for entity com.prodbackend.apiproducts.entity.Usuario.password] with root cause

org.hibernate.PropertyValueException: not-null property references a null or transient value for entity com.prodbackend.apiproducts.entity.Usuario.password
	at org.hibernate.engine.internal.Nullability.checkNullability(Nullability.java:120) ~[hibernate-core-7.1.8.Final.jar:7.1.8.Final]
	at org.hibernate.event.internal.DefaultFlushEntityEventListener.scheduleUpdate(DefaultFlushEntityEventListener.java:253) ~[hibernate-core-7.1.8.Final.jar:7.1.8.Final]
	at org.hibernate.event.internal.DefaultFlushEntityEventListener.onFlushEntity(DefaultFlushEntityEventListener.java:143) ~[hibernate-core-7.1.8.Final.jar:7.1.8.Final]
	at org.hibernate.event.service.internal.EventListenerGroupImpl.fireEventOnEachListener(EventListenerGroupImpl.java:140) ~[hibernate-core-7.1.8.Final.jar:7.1.8.Final]
	at org.hibernate.event.internal.AbstractFlushingEventListener.flushEntities(AbstractFlushingEventListener.java:235) ~[hibernate-core-7.1.8.Final.jar:7.1.8.Final]
	at org.hibernate.event.internal.AbstractFlushingEventListener.flushEverythingToExecutions(AbstractFlushingEventListener.java:75) ~[hibernate-core-7.1.8.Final.jar:7.1.8.Final]
	at org.hibernate.event.internal.AbstractFlushingEventListener.flushEverythingToExecutions(AbstractFlushingEventListener.java:69) ~[hibernate-core-7.1.8.Final.jar:7.1.8.Final]
	at org.hibernate.event.internal.DefaultFlushEventListener.onFlush(DefaultFlushEventListener.java:38) ~[hibernate-core-7.1.8.Final.jar:7.1.8.Final]
	at org.hibernate.event.service.internal.EventListenerGroupImpl.fireEventOnEachListener(EventListenerGroupImpl.java:140) ~[hibernate-core-7.1.8.Final.jar:7.1.8.Final]
	at org.hibernate.internal.SessionImpl.doFlush(SessionImpl.java:1447) ~[hibernate-core-7.1.8.Final.jar:7.1.8.Final]
	at org.hibernate.internal.SessionImpl.managedFlush(SessionImpl.java:488) ~[hibernate-core-7.1.8.Final.jar:7.1.8.Final]
	at org.hibernate.internal.SessionImpl.flushBeforeTransactionCompletion(SessionImpl.java:2325) ~[hibernate-core-7.1.8.Final.jar:7.1.8.Final]
	at org.hibernate.internal.SessionImpl.beforeTransactionCompletion(SessionImpl.java:2033) ~[hibernate-core-7.1.8.Final.jar:7.1.8.Final]
	at org.hibernate.engine.jdbc.internal.JdbcCoordinatorImpl.beforeTransactionCompletion(JdbcCoordinatorImpl.java:394) ~[hibernate-core-7.1.8.Final.jar:7.1.8.Final]
	at org.hibernate.resource.transaction.backend.jdbc.internal.JdbcResourceLocalTransactionCoordinatorImpl.beforeCompletionCallback(JdbcResourceLocalTransactionCoordinatorImpl.java:167) ~[hibernate-core-7.1.8.Final.jar:7.1.8.Final]
	at org.hibernate.resource.transaction.backend.jdbc.internal.JdbcResourceLocalTransactionCoordinatorImpl$TransactionDriverControlImpl.commitNoRollbackOnly(JdbcResourceLocalTransactionCoordinatorImpl.java:249) ~[hibernate-core-7.1.8.Final.jar:7.1.8.Final]
	at org.hibernate.resource.transaction.backend.jdbc.internal.JdbcResourceLocalTransactionCoordinatorImpl$TransactionDriverControlImpl.commit(JdbcResourceLocalTransactionCoordinatorImpl.java:243) ~[hibernate-core-7.1.8.Final.jar:7.1.8.Final]
	at org.hibernate.engine.transaction.internal.TransactionImpl.commit(TransactionImpl.java:90) ~[hibernate-core-7.1.8.Final.jar:7.1.8.Final]
	at org.springframework.orm.jpa.JpaTransactionManager.doCommit(JpaTransactionManager.java:553) ~[spring-orm-7.0.1.jar:7.0.1]
	at org.springframework.transaction.support.AbstractPlatformTransactionManager.processCommit(AbstractPlatformTransactionManager.java:794) ~[spring-tx-7.0.1.jar:7.0.1]
	at org.springframework.transaction.support.AbstractPlatformTransactionManager.commit(AbstractPlatformTransactionManager.java:757) ~[spring-tx-7.0.1.jar:7.0.1]
	at org.springframework.transaction.interceptor.TransactionAspectSupport.commitTransactionAfterReturning(TransactionAspectSupport.java:684) ~[spring-tx-7.0.1.jar:7.0.1]
	at org.springframework.transaction.interceptor.TransactionAspectSupport.invokeWithinTransaction(TransactionAspectSupport.java:406) ~[spring-tx-7.0.1.jar:7.0.1]
	at org.springframework.transaction.interceptor.TransactionInterceptor.invoke(TransactionInterceptor.java:118) ~[spring-tx-7.0.1.jar:7.0.1]
	at org.springframework.aop.framework.ReflectiveMethodInvocation.proceed(ReflectiveMethodInvocation.java:179) ~[spring-aop-7.0.1.jar:7.0.1]
	at org.springframework.dao.support.PersistenceExceptionTranslationInterceptor.invoke(PersistenceExceptionTranslationInterceptor.java:135) ~[spring-tx-7.0.1.jar:7.0.1]
	at org.springframework.aop.framework.ReflectiveMethodInvocation.proceed(ReflectiveMethodInvocation.java:179) ~[spring-aop-7.0.1.jar:7.0.1]
	at org.springframework.data.jpa.repository.support.CrudMethodMetadataPostProcessor$CrudMethodMetadataPopulatingMethodInterceptor.invoke(CrudMethodMetadataPostProcessor.java:166) ~[spring-data-jpa-4.0.0.jar:4.0.0]
	at org.springframework.aop.framework.ReflectiveMethodInvocation.proceed(ReflectiveMethodInvocation.java:179) ~[spring-aop-7.0.1.jar:7.0.1]
	at org.springframework.aop.framework.JdkDynamicAopProxy.invoke(JdkDynamicAopProxy.java:222) ~[spring-aop-7.0.1.jar:7.0.1]
	at jdk.proxy2/jdk.proxy2.$Proxy141.save(Unknown Source) ~[na:na]
	at com.prodbackend.apiproducts.service.UsuarioService.actualizarUsuario(UsuarioService.java:44) ~[classes/:na]
	at com.prodbackend.apiproducts.controller.UsuarioController.actualizarUsuario(UsuarioController.java:64) ~[classes/:na]
	at java.base/jdk.internal.reflect.DirectMethodHandleAccessor.invoke(Unknown Source) ~[na:na]
	at java.base/java.lang.reflect.Method.invoke(Unknown Source) ~[na:na]
	at org.springframework.web.method.support.InvocableHandlerMethod.doInvoke(InvocableHandlerMethod.java:258) ~[spring-web-7.0.1.jar:7.0.1]
	at org.springframework.web.method.support.InvocableHandlerMethod.invokeForRequest(InvocableHandlerMethod.java:190) ~[spring-web-7.0.1.jar:7.0.1]
	at org.springframework.web.servlet.mvc.method.annotation.ServletInvocableHandlerMethod.invokeAndHandle(ServletInvocableHandlerMethod.java:117) ~[spring-webmvc-7.0.1.jar:7.0.1]
	at org.springframework.web.servlet.mvc.method.annotation.RequestMappingHandlerAdapter.invokeHandlerMethod(RequestMappingHandlerAdapter.java:934) ~[spring-webmvc-7.0.1.jar:7.0.1]
	at org.springframework.web.servlet.mvc.method.annotation.RequestMappingHandlerAdapter.handleInternal(RequestMappingHandlerAdapter.java:853) ~[spring-webmvc-7.0.1.jar:7.0.1]
	at org.springframework.web.servlet.mvc.method.AbstractHandlerMethodAdapter.handle(AbstractHandlerMethodAdapter.java:86) ~[spring-webmvc-7.0.1.jar:7.0.1]
	at org.springframework.web.servlet.DispatcherServlet.doDispatch(DispatcherServlet.java:963) ~[spring-webmvc-7.0.1.jar:7.0.1]
	at org.springframework.web.servlet.DispatcherServlet.doService(DispatcherServlet.java:866) ~[spring-webmvc-7.0.1.jar:7.0.1]
	at org.springframework.web.servlet.FrameworkServlet.processRequest(FrameworkServlet.java:1003) ~[spring-webmvc-7.0.1.jar:7.0.1]
	at org.springframework.web.servlet.FrameworkServlet.doPut(FrameworkServlet.java:914) ~[spring-webmvc-7.0.1.jar:7.0.1]
	at jakarta.servlet.http.HttpServlet.service(HttpServlet.java:650) ~[tomcat-embed-core-11.0.14.jar:6.1]
	at org.springframework.web.servlet.FrameworkServlet.service(FrameworkServlet.java:874) ~[spring-webmvc-7.0.1.jar:7.0.1]
	at jakarta.servlet.http.HttpServlet.service(HttpServlet.java:710) ~[tomcat-embed-core-11.0.14.jar:6.1]
	at org.apache.catalina.core.ApplicationFilterChain.doFilter(ApplicationFilterChain.java:128) ~[tomcat-embed-core-11.0.14.jar:11.0.14]
	at org.apache.tomcat.websocket.server.WsFilter.doFilter(WsFilter.java:53) ~[tomcat-embed-websocket-11.0.14.jar:11.0.14]
	at org.apache.catalina.core.ApplicationFilterChain.doFilter(ApplicationFilterChain.java:107) ~[tomcat-embed-core-11.0.14.jar:11.0.14]
	at org.springframework.web.filter.RequestContextFilter.doFilterInternal(RequestContextFilter.java:100) ~[spring-web-7.0.1.jar:7.0.1]
	at org.springframework.web.filter.OncePerRequestFilter.doFilter(OncePerRequestFilter.java:116) ~[spring-web-7.0.1.jar:7.0.1]
	at org.apache.catalina.core.ApplicationFilterChain.doFilter(ApplicationFilterChain.java:107) ~[tomcat-embed-core-11.0.14.jar:11.0.14]
	at org.springframework.web.filter.FormContentFilter.doFilterInternal(FormContentFilter.java:93) ~[spring-web-7.0.1.jar:7.0.1]
	at org.springframework.web.filter.OncePerRequestFilter.doFilter(OncePerRequestFilter.java:116) ~[spring-web-7.0.1.jar:7.0.1]
	at org.apache.catalina.core.ApplicationFilterChain.doFilter(ApplicationFilterChain.java:107) ~[tomcat-embed-core-11.0.14.jar:11.0.14]
	at org.springframework.web.filter.CharacterEncodingFilter.doFilterInternal(CharacterEncodingFilter.java:199) ~[spring-web-7.0.1.jar:7.0.1]
	at org.springframework.web.filter.OncePerRequestFilter.doFilter(OncePerRequestFilter.java:116) ~[spring-web-7.0.1.jar:7.0.1]
	at org.apache.catalina.core.ApplicationFilterChain.doFilter(ApplicationFilterChain.java:107) ~[tomcat-embed-core-11.0.14.jar:11.0.14]
	at org.apache.catalina.core.StandardWrapperValve.invoke(StandardWrapperValve.java:165) ~[tomcat-embed-core-11.0.14.jar:11.0.14]
	at org.apache.catalina.core.StandardContextValve.invoke(StandardContextValve.java:77) ~[tomcat-embed-core-11.0.14.jar:11.0.14]
	at org.apache.catalina.authenticator.AuthenticatorBase.invoke(AuthenticatorBase.java:482) ~[tomcat-embed-core-11.0.14.jar:11.0.14]
	at org.apache.catalina.core.StandardHostValve.invoke(StandardHostValve.java:113) ~[tomcat-embed-core-11.0.14.jar:11.0.14]
	at org.apache.catalina.valves.ErrorReportValve.invoke(ErrorReportValve.java:83) ~[tomcat-embed-core-11.0.14.jar:11.0.14]
	at org.apache.catalina.core.StandardEngineValve.invoke(StandardEngineValve.java:72) ~[tomcat-embed-core-11.0.14.jar:11.0.14]
	at org.apache.catalina.connector.CoyoteAdapter.service(CoyoteAdapter.java:341) ~[tomcat-embed-core-11.0.14.jar:11.0.14]
	at org.apache.coyote.http11.Http11Processor.service(Http11Processor.java:397) ~[tomcat-embed-core-11.0.14.jar:11.0.14]
	at org.apache.coyote.AbstractProcessorLight.process(AbstractProcessorLight.java:63) ~[tomcat-embed-core-11.0.14.jar:11.0.14]
	at org.apache.coyote.AbstractProtocol$ConnectionHandler.process(AbstractProtocol.java:903) ~[tomcat-embed-core-11.0.14.jar:11.0.14]
	at org.apache.tomcat.util.net.NioEndpoint$SocketProcessor.doRun(NioEndpoint.java:1778) ~[tomcat-embed-core-11.0.14.jar:11.0.14]
	at org.apache.tomcat.util.net.SocketProcessorBase.run(SocketProcessorBase.java:52) ~[tomcat-embed-core-11.0.14.jar:11.0.14]
	at org.apache.tomcat.util.threads.ThreadPoolExecutor.runWorker(ThreadPoolExecutor.java:946) ~[tomcat-embed-core-11.0.14.jar:11.0.14]
	at org.apache.tomcat.util.threads.ThreadPoolExecutor$Worker.run(ThreadPoolExecutor.java:480) ~[tomcat-embed-core-11.0.14.jar:11.0.14]
	at org.apache.tomcat.util.threads.TaskThread$WrappingRunnable.run(TaskThread.java:57) ~[tomcat-embed-core-11.0.14.jar:11.0.14]
	at java.base/java.lang.Thread.run(Unknown Source) ~[na:na]

2025-12-14T18:24:50.337-03:00 ERROR 244 --- [apiproducts] [http-nio-8180-exec-8] o.a.c.c.C.[.[.[/].[dispatcherServlet]    : Servlet.service() for servlet [dispatcherServlet] in context with path [] threw exception [Request processing failed: org.springframework.dao.DataIntegrityViolationException: not-null property references a null or transient value for entity com.prodbackend.apiproducts.entity.Usuario.password] with root cause

org.hibernate.PropertyValueException: not-null property references a null or transient value for entity com.prodbackend.apiproducts.entity.Usuario.password
	at org.hibernate.engine.internal.Nullability.checkNullability(Nullability.java:120) ~[hibernate-core-7.1.8.Final.jar:7.1.8.Final]
	at org.hibernate.event.internal.DefaultFlushEntityEventListener.scheduleUpdate(DefaultFlushEntityEventListener.java:253) ~[hibernate-core-7.1.8.Final.jar:7.1.8.Final]
	at org.hibernate.event.internal.DefaultFlushEntityEventListener.onFlushEntity(DefaultFlushEntityEventListener.java:143) ~[hibernate-core-7.1.8.Final.jar:7.1.8.Final]
	at org.hibernate.event.service.internal.EventListenerGroupImpl.fireEventOnEachListener(EventListenerGroupImpl.java:140) ~[hibernate-core-7.1.8.Final.jar:7.1.8.Final]
	at org.hibernate.event.internal.AbstractFlushingEventListener.flushEntities(AbstractFlushingEventListener.java:235) ~[hibernate-core-7.1.8.Final.jar:7.1.8.Final]
	at org.hibernate.event.internal.AbstractFlushingEventListener.flushEverythingToExecutions(AbstractFlushingEventListener.java:75) ~[hibernate-core-7.1.8.Final.jar:7.1.8.Final]
	at org.hibernate.event.internal.AbstractFlushingEventListener.flushEverythingToExecutions(AbstractFlushingEventListener.java:69) ~[hibernate-core-7.1.8.Final.jar:7.1.8.Final]
	at org.hibernate.event.internal.DefaultFlushEventListener.onFlush(DefaultFlushEventListener.java:38) ~[hibernate-core-7.1.8.Final.jar:7.1.8.Final]
	at org.hibernate.event.service.internal.EventListenerGroupImpl.fireEventOnEachListener(EventListenerGroupImpl.java:140) ~[hibernate-core-7.1.8.Final.jar:7.1.8.Final]
	at org.hibernate.internal.SessionImpl.doFlush(SessionImpl.java:1447) ~[hibernate-core-7.1.8.Final.jar:7.1.8.Final]
	at org.hibernate.internal.SessionImpl.managedFlush(SessionImpl.java:488) ~[hibernate-core-7.1.8.Final.jar:7.1.8.Final]
	at org.hibernate.internal.SessionImpl.flushBeforeTransactionCompletion(SessionImpl.java:2325) ~[hibernate-core-7.1.8.Final.jar:7.1.8.Final]
	at org.hibernate.internal.SessionImpl.beforeTransactionCompletion(SessionImpl.java:2033) ~[hibernate-core-7.1.8.Final.jar:7.1.8.Final]
	at org.hibernate.engine.jdbc.internal.JdbcCoordinatorImpl.beforeTransactionCompletion(JdbcCoordinatorImpl.java:394) ~[hibernate-core-7.1.8.Final.jar:7.1.8.Final]
	at org.hibernate.resource.transaction.backend.jdbc.internal.JdbcResourceLocalTransactionCoordinatorImpl.beforeCompletionCallback(JdbcResourceLocalTransactionCoordinatorImpl.java:167) ~[hibernate-core-7.1.8.Final.jar:7.1.8.Final]
	at org.hibernate.resource.transaction.backend.jdbc.internal.JdbcResourceLocalTransactionCoordinatorImpl$TransactionDriverControlImpl.commitNoRollbackOnly(JdbcResourceLocalTransactionCoordinatorImpl.java:249) ~[hibernate-core-7.1.8.Final.jar:7.1.8.Final]
	at org.hibernate.resource.transaction.backend.jdbc.internal.JdbcResourceLocalTransactionCoordinatorImpl$TransactionDriverControlImpl.commit(JdbcResourceLocalTransactionCoordinatorImpl.java:243) ~[hibernate-core-7.1.8.Final.jar:7.1.8.Final]
	at org.hibernate.engine.transaction.internal.TransactionImpl.commit(TransactionImpl.java:90) ~[hibernate-core-7.1.8.Final.jar:7.1.8.Final]
	at org.springframework.orm.jpa.JpaTransactionManager.doCommit(JpaTransactionManager.java:553) ~[spring-orm-7.0.1.jar:7.0.1]
	at org.springframework.transaction.support.AbstractPlatformTransactionManager.processCommit(AbstractPlatformTransactionManager.java:794) ~[spring-tx-7.0.1.jar:7.0.1]
	at org.springframework.transaction.support.AbstractPlatformTransactionManager.commit(AbstractPlatformTransactionManager.java:757) ~[spring-tx-7.0.1.jar:7.0.1]
	at org.springframework.transaction.interceptor.TransactionAspectSupport.commitTransactionAfterReturning(TransactionAspectSupport.java:684) ~[spring-tx-7.0.1.jar:7.0.1]
	at org.springframework.transaction.interceptor.TransactionAspectSupport.invokeWithinTransaction(TransactionAspectSupport.java:406) ~[spring-tx-7.0.1.jar:7.0.1]
	at org.springframework.transaction.interceptor.TransactionInterceptor.invoke(TransactionInterceptor.java:118) ~[spring-tx-7.0.1.jar:7.0.1]
	at org.springframework.aop.framework.ReflectiveMethodInvocation.proceed(ReflectiveMethodInvocation.java:179) ~[spring-aop-7.0.1.jar:7.0.1]
	at org.springframework.dao.support.PersistenceExceptionTranslationInterceptor.invoke(PersistenceExceptionTranslationInterceptor.java:135) ~[spring-tx-7.0.1.jar:7.0.1]
	at org.springframework.aop.framework.ReflectiveMethodInvocation.proceed(ReflectiveMethodInvocation.java:179) ~[spring-aop-7.0.1.jar:7.0.1]
	at org.springframework.data.jpa.repository.support.CrudMethodMetadataPostProcessor$CrudMethodMetadataPopulatingMethodInterceptor.invoke(CrudMethodMetadataPostProcessor.java:166) ~[spring-data-jpa-4.0.0.jar:4.0.0]
	at org.springframework.aop.framework.ReflectiveMethodInvocation.proceed(ReflectiveMethodInvocation.java:179) ~[spring-aop-7.0.1.jar:7.0.1]
	at org.springframework.aop.framework.JdkDynamicAopProxy.invoke(JdkDynamicAopProxy.java:222) ~[spring-aop-7.0.1.jar:7.0.1]
	at jdk.proxy2/jdk.proxy2.$Proxy141.save(Unknown Source) ~[na:na]
	at com.prodbackend.apiproducts.service.UsuarioService.actualizarUsuario(UsuarioService.java:44) ~[classes/:na]
	at com.prodbackend.apiproducts.controller.UsuarioController.actualizarUsuario(UsuarioController.java:64) ~[classes/:na]
	at java.base/jdk.internal.reflect.DirectMethodHandleAccessor.invoke(Unknown Source) ~[na:na]
	at java.base/java.lang.reflect.Method.invoke(Unknown Source) ~[na:na]
	at org.springframework.web.method.support.InvocableHandlerMethod.doInvoke(InvocableHandlerMethod.java:258) ~[spring-web-7.0.1.jar:7.0.1]
	at org.springframework.web.method.support.InvocableHandlerMethod.invokeForRequest(InvocableHandlerMethod.java:190) ~[spring-web-7.0.1.jar:7.0.1]
	at org.springframework.web.servlet.mvc.method.annotation.ServletInvocableHandlerMethod.invokeAndHandle(ServletInvocableHandlerMethod.java:117) ~[spring-webmvc-7.0.1.jar:7.0.1]
	at org.springframework.web.servlet.mvc.method.annotation.RequestMappingHandlerAdapter.invokeHandlerMethod(RequestMappingHandlerAdapter.java:934) ~[spring-webmvc-7.0.1.jar:7.0.1]
	at org.springframework.web.servlet.mvc.method.annotation.RequestMappingHandlerAdapter.handleInternal(RequestMappingHandlerAdapter.java:853) ~[spring-webmvc-7.0.1.jar:7.0.1]
	at org.springframework.web.servlet.mvc.method.AbstractHandlerMethodAdapter.handle(AbstractHandlerMethodAdapter.java:86) ~[spring-webmvc-7.0.1.jar:7.0.1]
	at org.springframework.web.servlet.DispatcherServlet.doDispatch(DispatcherServlet.java:963) ~[spring-webmvc-7.0.1.jar:7.0.1]
	at org.springframework.web.servlet.DispatcherServlet.doService(DispatcherServlet.java:866) ~[spring-webmvc-7.0.1.jar:7.0.1]
	at org.springframework.web.servlet.FrameworkServlet.processRequest(FrameworkServlet.java:1003) ~[spring-webmvc-7.0.1.jar:7.0.1]
	at org.springframework.web.servlet.FrameworkServlet.doPut(FrameworkServlet.java:914) ~[spring-webmvc-7.0.1.jar:7.0.1]
	at jakarta.servlet.http.HttpServlet.service(HttpServlet.java:650) ~[tomcat-embed-core-11.0.14.jar:6.1]
	at org.springframework.web.servlet.FrameworkServlet.service(FrameworkServlet.java:874) ~[spring-webmvc-7.0.1.jar:7.0.1]
	at jakarta.servlet.http.HttpServlet.service(HttpServlet.java:710) ~[tomcat-embed-core-11.0.14.jar:6.1]
	at org.apache.catalina.core.ApplicationFilterChain.doFilter(ApplicationFilterChain.java:128) ~[tomcat-embed-core-11.0.14.jar:11.0.14]
	at org.apache.tomcat.websocket.server.WsFilter.doFilter(WsFilter.java:53) ~[tomcat-embed-websocket-11.0.14.jar:11.0.14]
	at org.apache.catalina.core.ApplicationFilterChain.doFilter(ApplicationFilterChain.java:107) ~[tomcat-embed-core-11.0.14.jar:11.0.14]
	at org.springframework.web.filter.RequestContextFilter.doFilterInternal(RequestContextFilter.java:100) ~[spring-web-7.0.1.jar:7.0.1]
	at org.springframework.web.filter.OncePerRequestFilter.doFilter(OncePerRequestFilter.java:116) ~[spring-web-7.0.1.jar:7.0.1]
	at org.apache.catalina.core.ApplicationFilterChain.doFilter(ApplicationFilterChain.java:107) ~[tomcat-embed-core-11.0.14.jar:11.0.14]
	at org.springframework.web.filter.FormContentFilter.doFilterInternal(FormContentFilter.java:93) ~[spring-web-7.0.1.jar:7.0.1]
	at org.springframework.web.filter.OncePerRequestFilter.doFilter(OncePerRequestFilter.java:116) ~[spring-web-7.0.1.jar:7.0.1]
	at org.apache.catalina.core.ApplicationFilterChain.doFilter(ApplicationFilterChain.java:107) ~[tomcat-embed-core-11.0.14.jar:11.0.14]
	at org.springframework.web.filter.CharacterEncodingFilter.doFilterInternal(CharacterEncodingFilter.java:199) ~[spring-web-7.0.1.jar:7.0.1]
	at org.springframework.web.filter.OncePerRequestFilter.doFilter(OncePerRequestFilter.java:116) ~[spring-web-7.0.1.jar:7.0.1]
	at org.apache.catalina.core.ApplicationFilterChain.doFilter(ApplicationFilterChain.java:107) ~[tomcat-embed-core-11.0.14.jar:11.0.14]
	at org.apache.catalina.core.StandardWrapperValve.invoke(StandardWrapperValve.java:165) ~[tomcat-embed-core-11.0.14.jar:11.0.14]
	at org.apache.catalina.core.StandardContextValve.invoke(StandardContextValve.java:77) ~[tomcat-embed-core-11.0.14.jar:11.0.14]
	at org.apache.catalina.authenticator.AuthenticatorBase.invoke(AuthenticatorBase.java:482) ~[tomcat-embed-core-11.0.14.jar:11.0.14]
	at org.apache.catalina.core.StandardHostValve.invoke(StandardHostValve.java:113) ~[tomcat-embed-core-11.0.14.jar:11.0.14]
	at org.apache.catalina.valves.ErrorReportValve.invoke(ErrorReportValve.java:83) ~[tomcat-embed-core-11.0.14.jar:11.0.14]
	at org.apache.catalina.core.StandardEngineValve.invoke(StandardEngineValve.java:72) ~[tomcat-embed-core-11.0.14.jar:11.0.14]
	at org.apache.catalina.connector.CoyoteAdapter.service(CoyoteAdapter.java:341) ~[tomcat-embed-core-11.0.14.jar:11.0.14]
	at org.apache.coyote.http11.Http11Processor.service(Http11Processor.java:397) ~[tomcat-embed-core-11.0.14.jar:11.0.14]
	at org.apache.coyote.AbstractProcessorLight.process(AbstractProcessorLight.java:63) ~[tomcat-embed-core-11.0.14.jar:11.0.14]
	at org.apache.coyote.AbstractProtocol$ConnectionHandler.process(AbstractProtocol.java:903) ~[tomcat-embed-core-11.0.14.jar:11.0.14]
	at org.apache.tomcat.util.net.NioEndpoint$SocketProcessor.doRun(NioEndpoint.java:1778) ~[tomcat-embed-core-11.0.14.jar:11.0.14]
	at org.apache.tomcat.util.net.SocketProcessorBase.run(SocketProcessorBase.java:52) ~[tomcat-embed-core-11.0.14.jar:11.0.14]
	at org.apache.tomcat.util.threads.ThreadPoolExecutor.runWorker(ThreadPoolExecutor.java:946) ~[tomcat-embed-core-11.0.14.jar:11.0.14]
	at org.apache.tomcat.util.threads.ThreadPoolExecutor$Worker.run(ThreadPoolExecutor.java:480) ~[tomcat-embed-core-11.0.14.jar:11.0.14]
	at org.apache.tomcat.util.threads.TaskThread$WrappingRunnable.run(TaskThread.java:57) ~[tomcat-embed-core-11.0.14.jar:11.0.14]
	at java.base/java.lang.Thread.run(Unknown Source) ~[na:na]

2025-12-14T18:24:54.321-03:00 ERROR 244 --- [apiproducts] [http-nio-8180-exec-9] o.a.c.c.C.[.[.[/].[dispatcherServlet]    : Servlet.service() for servlet [dispatcherServlet] in context with path [] threw exception [Request processing failed: org.springframework.dao.DataIntegrityViolationException: not-null property references a null or transient value for entity com.prodbackend.apiproducts.entity.Usuario.password] with root cause

org.hibernate.PropertyValueException: not-null property references a null or transient value for entity com.prodbackend.apiproducts.entity.Usuario.password
	at org.hibernate.engine.internal.Nullability.checkNullability(Nullability.java:120) ~[hibernate-core-7.1.8.Final.jar:7.1.8.Final]
	at org.hibernate.event.internal.DefaultFlushEntityEventListener.scheduleUpdate(DefaultFlushEntityEventListener.java:253) ~[hibernate-core-7.1.8.Final.jar:7.1.8.Final]
	at org.hibernate.event.internal.DefaultFlushEntityEventListener.onFlushEntity(DefaultFlushEntityEventListener.java:143) ~[hibernate-core-7.1.8.Final.jar:7.1.8.Final]
	at org.hibernate.event.service.internal.EventListenerGroupImpl.fireEventOnEachListener(EventListenerGroupImpl.java:140) ~[hibernate-core-7.1.8.Final.jar:7.1.8.Final]
	at org.hibernate.event.internal.AbstractFlushingEventListener.flushEntities(AbstractFlushingEventListener.java:235) ~[hibernate-core-7.1.8.Final.jar:7.1.8.Final]
	at org.hibernate.event.internal.AbstractFlushingEventListener.flushEverythingToExecutions(AbstractFlushingEventListener.java:75) ~[hibernate-core-7.1.8.Final.jar:7.1.8.Final]
	at org.hibernate.event.internal.AbstractFlushingEventListener.flushEverythingToExecutions(AbstractFlushingEventListener.java:69) ~[hibernate-core-7.1.8.Final.jar:7.1.8.Final]
	at org.hibernate.event.internal.DefaultFlushEventListener.onFlush(DefaultFlushEventListener.java:38) ~[hibernate-core-7.1.8.Final.jar:7.1.8.Final]
	at org.hibernate.event.service.internal.EventListenerGroupImpl.fireEventOnEachListener(EventListenerGroupImpl.java:140) ~[hibernate-core-7.1.8.Final.jar:7.1.8.Final]
	at org.hibernate.internal.SessionImpl.doFlush(SessionImpl.java:1447) ~[hibernate-core-7.1.8.Final.jar:7.1.8.Final]
	at org.hibernate.internal.SessionImpl.managedFlush(SessionImpl.java:488) ~[hibernate-core-7.1.8.Final.jar:7.1.8.Final]
	at org.hibernate.internal.SessionImpl.flushBeforeTransactionCompletion(SessionImpl.java:2325) ~[hibernate-core-7.1.8.Final.jar:7.1.8.Final]
	at org.hibernate.internal.SessionImpl.beforeTransactionCompletion(SessionImpl.java:2033) ~[hibernate-core-7.1.8.Final.jar:7.1.8.Final]
	at org.hibernate.engine.jdbc.internal.JdbcCoordinatorImpl.beforeTransactionCompletion(JdbcCoordinatorImpl.java:394) ~[hibernate-core-7.1.8.Final.jar:7.1.8.Final]
	at org.hibernate.resource.transaction.backend.jdbc.internal.JdbcResourceLocalTransactionCoordinatorImpl.beforeCompletionCallback(JdbcResourceLocalTransactionCoordinatorImpl.java:167) ~[hibernate-core-7.1.8.Final.jar:7.1.8.Final]
	at org.hibernate.resource.transaction.backend.jdbc.internal.JdbcResourceLocalTransactionCoordinatorImpl$TransactionDriverControlImpl.commitNoRollbackOnly(JdbcResourceLocalTransactionCoordinatorImpl.java:249) ~[hibernate-core-7.1.8.Final.jar:7.1.8.Final]
	at org.hibernate.resource.transaction.backend.jdbc.internal.JdbcResourceLocalTransactionCoordinatorImpl$TransactionDriverControlImpl.commit(JdbcResourceLocalTransactionCoordinatorImpl.java:243) ~[hibernate-core-7.1.8.Final.jar:7.1.8.Final]
	at org.hibernate.engine.transaction.internal.TransactionImpl.commit(TransactionImpl.java:90) ~[hibernate-core-7.1.8.Final.jar:7.1.8.Final]
	at org.springframework.orm.jpa.JpaTransactionManager.doCommit(JpaTransactionManager.java:553) ~[spring-orm-7.0.1.jar:7.0.1]
	at org.springframework.transaction.support.AbstractPlatformTransactionManager.processCommit(AbstractPlatformTransactionManager.java:794) ~[spring-tx-7.0.1.jar:7.0.1]
	at org.springframework.transaction.support.AbstractPlatformTransactionManager.commit(AbstractPlatformTransactionManager.java:757) ~[spring-tx-7.0.1.jar:7.0.1]
	at org.springframework.transaction.interceptor.TransactionAspectSupport.commitTransactionAfterReturning(TransactionAspectSupport.java:684) ~[spring-tx-7.0.1.jar:7.0.1]
	at org.springframework.transaction.interceptor.TransactionAspectSupport.invokeWithinTransaction(TransactionAspectSupport.java:406) ~[spring-tx-7.0.1.jar:7.0.1]
	at org.springframework.transaction.interceptor.TransactionInterceptor.invoke(TransactionInterceptor.java:118) ~[spring-tx-7.0.1.jar:7.0.1]
	at org.springframework.aop.framework.ReflectiveMethodInvocation.proceed(ReflectiveMethodInvocation.java:179) ~[spring-aop-7.0.1.jar:7.0.1]
	at org.springframework.dao.support.PersistenceExceptionTranslationInterceptor.invoke(PersistenceExceptionTranslationInterceptor.java:135) ~[spring-tx-7.0.1.jar:7.0.1]
	at org.springframework.aop.framework.ReflectiveMethodInvocation.proceed(ReflectiveMethodInvocation.java:179) ~[spring-aop-7.0.1.jar:7.0.1]
	at org.springframework.data.jpa.repository.support.CrudMethodMetadataPostProcessor$CrudMethodMetadataPopulatingMethodInterceptor.invoke(CrudMethodMetadataPostProcessor.java:166) ~[spring-data-jpa-4.0.0.jar:4.0.0]
	at org.springframework.aop.framework.ReflectiveMethodInvocation.proceed(ReflectiveMethodInvocation.java:179) ~[spring-aop-7.0.1.jar:7.0.1]
	at org.springframework.aop.framework.JdkDynamicAopProxy.invoke(JdkDynamicAopProxy.java:222) ~[spring-aop-7.0.1.jar:7.0.1]
	at jdk.proxy2/jdk.proxy2.$Proxy141.save(Unknown Source) ~[na:na]
	at com.prodbackend.apiproducts.service.UsuarioService.actualizarUsuario(UsuarioService.java:44) ~[classes/:na]
	at com.prodbackend.apiproducts.controller.UsuarioController.actualizarUsuario(UsuarioController.java:64) ~[classes/:na]
	at java.base/jdk.internal.reflect.DirectMethodHandleAccessor.invoke(Unknown Source) ~[na:na]
	at java.base/java.lang.reflect.Method.invoke(Unknown Source) ~[na:na]
	at org.springframework.web.method.support.InvocableHandlerMethod.doInvoke(InvocableHandlerMethod.java:258) ~[spring-web-7.0.1.jar:7.0.1]
	at org.springframework.web.method.support.InvocableHandlerMethod.invokeForRequest(InvocableHandlerMethod.java:190) ~[spring-web-7.0.1.jar:7.0.1]
	at org.springframework.web.servlet.mvc.method.annotation.ServletInvocableHandlerMethod.invokeAndHandle(ServletInvocableHandlerMethod.java:117) ~[spring-webmvc-7.0.1.jar:7.0.1]
	at org.springframework.web.servlet.mvc.method.annotation.RequestMappingHandlerAdapter.invokeHandlerMethod(RequestMappingHandlerAdapter.java:934) ~[spring-webmvc-7.0.1.jar:7.0.1]
	at org.springframework.web.servlet.mvc.method.annotation.RequestMappingHandlerAdapter.handleInternal(RequestMappingHandlerAdapter.java:853) ~[spring-webmvc-7.0.1.jar:7.0.1]
	at org.springframework.web.servlet.mvc.method.AbstractHandlerMethodAdapter.handle(AbstractHandlerMethodAdapter.java:86) ~[spring-webmvc-7.0.1.jar:7.0.1]
	at org.springframework.web.servlet.DispatcherServlet.doDispatch(DispatcherServlet.java:963) ~[spring-webmvc-7.0.1.jar:7.0.1]
	at org.springframework.web.servlet.DispatcherServlet.doService(DispatcherServlet.java:866) ~[spring-webmvc-7.0.1.jar:7.0.1]
	at org.springframework.web.servlet.FrameworkServlet.processRequest(FrameworkServlet.java:1003) ~[spring-webmvc-7.0.1.jar:7.0.1]
	at org.springframework.web.servlet.FrameworkServlet.doPut(FrameworkServlet.java:914) ~[spring-webmvc-7.0.1.jar:7.0.1]
	at jakarta.servlet.http.HttpServlet.service(HttpServlet.java:650) ~[tomcat-embed-core-11.0.14.jar:6.1]
	at org.springframework.web.servlet.FrameworkServlet.service(FrameworkServlet.java:874) ~[spring-webmvc-7.0.1.jar:7.0.1]
	at jakarta.servlet.http.HttpServlet.service(HttpServlet.java:710) ~[tomcat-embed-core-11.0.14.jar:6.1]
	at org.apache.catalina.core.ApplicationFilterChain.doFilter(ApplicationFilterChain.java:128) ~[tomcat-embed-core-11.0.14.jar:11.0.14]
	at org.apache.tomcat.websocket.server.WsFilter.doFilter(WsFilter.java:53) ~[tomcat-embed-websocket-11.0.14.jar:11.0.14]
	at org.apache.catalina.core.ApplicationFilterChain.doFilter(ApplicationFilterChain.java:107) ~[tomcat-embed-core-11.0.14.jar:11.0.14]
	at org.springframework.web.filter.RequestContextFilter.doFilterInternal(RequestContextFilter.java:100) ~[spring-web-7.0.1.jar:7.0.1]
	at org.springframework.web.filter.OncePerRequestFilter.doFilter(OncePerRequestFilter.java:116) ~[spring-web-7.0.1.jar:7.0.1]
	at org.apache.catalina.core.ApplicationFilterChain.doFilter(ApplicationFilterChain.java:107) ~[tomcat-embed-core-11.0.14.jar:11.0.14]
	at org.springframework.web.filter.FormContentFilter.doFilterInternal(FormContentFilter.java:93) ~[spring-web-7.0.1.jar:7.0.1]
	at org.springframework.web.filter.OncePerRequestFilter.doFilter(OncePerRequestFilter.java:116) ~[spring-web-7.0.1.jar:7.0.1]
	at org.apache.catalina.core.ApplicationFilterChain.doFilter(ApplicationFilterChain.java:107) ~[tomcat-embed-core-11.0.14.jar:11.0.14]
	at org.springframework.web.filter.CharacterEncodingFilter.doFilterInternal(CharacterEncodingFilter.java:199) ~[spring-web-7.0.1.jar:7.0.1]
	at org.springframework.web.filter.OncePerRequestFilter.doFilter(OncePerRequestFilter.java:116) ~[spring-web-7.0.1.jar:7.0.1]
	at org.apache.catalina.core.ApplicationFilterChain.doFilter(ApplicationFilterChain.java:107) ~[tomcat-embed-core-11.0.14.jar:11.0.14]
	at org.apache.catalina.core.StandardWrapperValve.invoke(StandardWrapperValve.java:165) ~[tomcat-embed-core-11.0.14.jar:11.0.14]
	at org.apache.catalina.core.StandardContextValve.invoke(StandardContextValve.java:77) ~[tomcat-embed-core-11.0.14.jar:11.0.14]
	at org.apache.catalina.authenticator.AuthenticatorBase.invoke(AuthenticatorBase.java:482) ~[tomcat-embed-core-11.0.14.jar:11.0.14]
	at org.apache.catalina.core.StandardHostValve.invoke(StandardHostValve.java:113) ~[tomcat-embed-core-11.0.14.jar:11.0.14]
	at org.apache.catalina.valves.ErrorReportValve.invoke(ErrorReportValve.java:83) ~[tomcat-embed-core-11.0.14.jar:11.0.14]
	at org.apache.catalina.core.StandardEngineValve.invoke(StandardEngineValve.java:72) ~[tomcat-embed-core-11.0.14.jar:11.0.14]
	at org.apache.catalina.connector.CoyoteAdapter.service(CoyoteAdapter.java:341) ~[tomcat-embed-core-11.0.14.jar:11.0.14]
	at org.apache.coyote.http11.Http11Processor.service(Http11Processor.java:397) ~[tomcat-embed-core-11.0.14.jar:11.0.14]
	at org.apache.coyote.AbstractProcessorLight.process(AbstractProcessorLight.java:63) ~[tomcat-embed-core-11.0.14.jar:11.0.14]
	at org.apache.coyote.AbstractProtocol$ConnectionHandler.process(AbstractProtocol.java:903) ~[tomcat-embed-core-11.0.14.jar:11.0.14]
	at org.apache.tomcat.util.net.NioEndpoint$SocketProcessor.doRun(NioEndpoint.java:1778) ~[tomcat-embed-core-11.0.14.jar:11.0.14]
	at org.apache.tomcat.util.net.SocketProcessorBase.run(SocketProcessorBase.java:52) ~[tomcat-embed-core-11.0.14.jar:11.0.14]
	at org.apache.tomcat.util.threads.ThreadPoolExecutor.runWorker(ThreadPoolExecutor.java:946) ~[tomcat-embed-core-11.0.14.jar:11.0.14]
	at org.apache.tomcat.util.threads.ThreadPoolExecutor$Worker.run(ThreadPoolExecutor.java:480) ~[tomcat-embed-core-11.0.14.jar:11.0.14]
	at org.apache.tomcat.util.threads.TaskThread$WrappingRunnable.run(TaskThread.java:57) ~[tomcat-embed-core-11.0.14.jar:11.0.14]
	at java.base/java.lang.Thread.run(Unknown Source) ~[na:na]

2025-12-14T18:40:12.535-03:00 ERROR 244 --- [apiproducts] [http-nio-8180-exec-6] o.a.c.c.C.[.[.[/].[dispatcherServlet]    : Servlet.service() for servlet [dispatcherServlet] in context with path [] threw exception [Request processing failed: org.springframework.dao.DataIntegrityViolationException: not-null property references a null or transient value for entity com.prodbackend.apiproducts.entity.Usuario.password] with root cause

org.hibernate.PropertyValueException: not-null property references a null or transient value for entity com.prodbackend.apiproducts.entity.Usuario.password
	at org.hibernate.engine.internal.Nullability.checkNullability(Nullability.java:120) ~[hibernate-core-7.1.8.Final.jar:7.1.8.Final]
	at org.hibernate.event.internal.DefaultFlushEntityEventListener.scheduleUpdate(DefaultFlushEntityEventListener.java:253) ~[hibernate-core-7.1.8.Final.jar:7.1.8.Final]
	at org.hibernate.event.internal.DefaultFlushEntityEventListener.onFlushEntity(DefaultFlushEntityEventListener.java:143) ~[hibernate-core-7.1.8.Final.jar:7.1.8.Final]
	at org.hibernate.event.service.internal.EventListenerGroupImpl.fireEventOnEachListener(EventListenerGroupImpl.java:140) ~[hibernate-core-7.1.8.Final.jar:7.1.8.Final]
	at org.hibernate.event.internal.AbstractFlushingEventListener.flushEntities(AbstractFlushingEventListener.java:235) ~[hibernate-core-7.1.8.Final.jar:7.1.8.Final]
	at org.hibernate.event.internal.AbstractFlushingEventListener.flushEverythingToExecutions(AbstractFlushingEventListener.java:75) ~[hibernate-core-7.1.8.Final.jar:7.1.8.Final]
	at org.hibernate.event.internal.AbstractFlushingEventListener.flushEverythingToExecutions(AbstractFlushingEventListener.java:69) ~[hibernate-core-7.1.8.Final.jar:7.1.8.Final]
	at org.hibernate.event.internal.DefaultFlushEventListener.onFlush(DefaultFlushEventListener.java:38) ~[hibernate-core-7.1.8.Final.jar:7.1.8.Final]
	at org.hibernate.event.service.internal.EventListenerGroupImpl.fireEventOnEachListener(EventListenerGroupImpl.java:140) ~[hibernate-core-7.1.8.Final.jar:7.1.8.Final]
	at org.hibernate.internal.SessionImpl.doFlush(SessionImpl.java:1447) ~[hibernate-core-7.1.8.Final.jar:7.1.8.Final]
	at org.hibernate.internal.SessionImpl.managedFlush(SessionImpl.java:488) ~[hibernate-core-7.1.8.Final.jar:7.1.8.Final]
	at org.hibernate.internal.SessionImpl.flushBeforeTransactionCompletion(SessionImpl.java:2325) ~[hibernate-core-7.1.8.Final.jar:7.1.8.Final]
	at org.hibernate.internal.SessionImpl.beforeTransactionCompletion(SessionImpl.java:2033) ~[hibernate-core-7.1.8.Final.jar:7.1.8.Final]
	at org.hibernate.engine.jdbc.internal.JdbcCoordinatorImpl.beforeTransactionCompletion(JdbcCoordinatorImpl.java:394) ~[hibernate-core-7.1.8.Final.jar:7.1.8.Final]
	at org.hibernate.resource.transaction.backend.jdbc.internal.JdbcResourceLocalTransactionCoordinatorImpl.beforeCompletionCallback(JdbcResourceLocalTransactionCoordinatorImpl.java:167) ~[hibernate-core-7.1.8.Final.jar:7.1.8.Final]
	at org.hibernate.resource.transaction.backend.jdbc.internal.JdbcResourceLocalTransactionCoordinatorImpl$TransactionDriverControlImpl.commitNoRollbackOnly(JdbcResourceLocalTransactionCoordinatorImpl.java:249) ~[hibernate-core-7.1.8.Final.jar:7.1.8.Final]
	at org.hibernate.resource.transaction.backend.jdbc.internal.JdbcResourceLocalTransactionCoordinatorImpl$TransactionDriverControlImpl.commit(JdbcResourceLocalTransactionCoordinatorImpl.java:243) ~[hibernate-core-7.1.8.Final.jar:7.1.8.Final]
	at org.hibernate.engine.transaction.internal.TransactionImpl.commit(TransactionImpl.java:90) ~[hibernate-core-7.1.8.Final.jar:7.1.8.Final]
	at org.springframework.orm.jpa.JpaTransactionManager.doCommit(JpaTransactionManager.java:553) ~[spring-orm-7.0.1.jar:7.0.1]
	at org.springframework.transaction.support.AbstractPlatformTransactionManager.processCommit(AbstractPlatformTransactionManager.java:794) ~[spring-tx-7.0.1.jar:7.0.1]
	at org.springframework.transaction.support.AbstractPlatformTransactionManager.commit(AbstractPlatformTransactionManager.java:757) ~[spring-tx-7.0.1.jar:7.0.1]
	at org.springframework.transaction.interceptor.TransactionAspectSupport.commitTransactionAfterReturning(TransactionAspectSupport.java:684) ~[spring-tx-7.0.1.jar:7.0.1]
	at org.springframework.transaction.interceptor.TransactionAspectSupport.invokeWithinTransaction(TransactionAspectSupport.java:406) ~[spring-tx-7.0.1.jar:7.0.1]
	at org.springframework.transaction.interceptor.TransactionInterceptor.invoke(TransactionInterceptor.java:118) ~[spring-tx-7.0.1.jar:7.0.1]
	at org.springframework.aop.framework.ReflectiveMethodInvocation.proceed(ReflectiveMethodInvocation.java:179) ~[spring-aop-7.0.1.jar:7.0.1]
	at org.springframework.dao.support.PersistenceExceptionTranslationInterceptor.invoke(PersistenceExceptionTranslationInterceptor.java:135) ~[spring-tx-7.0.1.jar:7.0.1]
	at org.springframework.aop.framework.ReflectiveMethodInvocation.proceed(ReflectiveMethodInvocation.java:179) ~[spring-aop-7.0.1.jar:7.0.1]
	at org.springframework.data.jpa.repository.support.CrudMethodMetadataPostProcessor$CrudMethodMetadataPopulatingMethodInterceptor.invoke(CrudMethodMetadataPostProcessor.java:166) ~[spring-data-jpa-4.0.0.jar:4.0.0]
	at org.springframework.aop.framework.ReflectiveMethodInvocation.proceed(ReflectiveMethodInvocation.java:179) ~[spring-aop-7.0.1.jar:7.0.1]
	at org.springframework.aop.framework.JdkDynamicAopProxy.invoke(JdkDynamicAopProxy.java:222) ~[spring-aop-7.0.1.jar:7.0.1]
	at jdk.proxy2/jdk.proxy2.$Proxy141.save(Unknown Source) ~[na:na]
	at com.prodbackend.apiproducts.service.UsuarioService.actualizarUsuario(UsuarioService.java:44) ~[classes/:na]
	at com.prodbackend.apiproducts.controller.UsuarioController.actualizarUsuario(UsuarioController.java:64) ~[classes/:na]
	at java.base/jdk.internal.reflect.DirectMethodHandleAccessor.invoke(Unknown Source) ~[na:na]
	at java.base/java.lang.reflect.Method.invoke(Unknown Source) ~[na:na]
	at org.springframework.web.method.support.InvocableHandlerMethod.doInvoke(InvocableHandlerMethod.java:258) ~[spring-web-7.0.1.jar:7.0.1]
	at org.springframework.web.method.support.InvocableHandlerMethod.invokeForRequest(InvocableHandlerMethod.java:190) ~[spring-web-7.0.1.jar:7.0.1]
	at org.springframework.web.servlet.mvc.method.annotation.ServletInvocableHandlerMethod.invokeAndHandle(ServletInvocableHandlerMethod.java:117) ~[spring-webmvc-7.0.1.jar:7.0.1]
	at org.springframework.web.servlet.mvc.method.annotation.RequestMappingHandlerAdapter.invokeHandlerMethod(RequestMappingHandlerAdapter.java:934) ~[spring-webmvc-7.0.1.jar:7.0.1]
	at org.springframework.web.servlet.mvc.method.annotation.RequestMappingHandlerAdapter.handleInternal(RequestMappingHandlerAdapter.java:853) ~[spring-webmvc-7.0.1.jar:7.0.1]
	at org.springframework.web.servlet.mvc.method.AbstractHandlerMethodAdapter.handle(AbstractHandlerMethodAdapter.java:86) ~[spring-webmvc-7.0.1.jar:7.0.1]
	at org.springframework.web.servlet.DispatcherServlet.doDispatch(DispatcherServlet.java:963) ~[spring-webmvc-7.0.1.jar:7.0.1]
	at org.springframework.web.servlet.DispatcherServlet.doService(DispatcherServlet.java:866) ~[spring-webmvc-7.0.1.jar:7.0.1]
	at org.springframework.web.servlet.FrameworkServlet.processRequest(FrameworkServlet.java:1003) ~[spring-webmvc-7.0.1.jar:7.0.1]
	at org.springframework.web.servlet.FrameworkServlet.doPut(FrameworkServlet.java:914) ~[spring-webmvc-7.0.1.jar:7.0.1]
	at jakarta.servlet.http.HttpServlet.service(HttpServlet.java:650) ~[tomcat-embed-core-11.0.14.jar:6.1]
	at org.springframework.web.servlet.FrameworkServlet.service(FrameworkServlet.java:874) ~[spring-webmvc-7.0.1.jar:7.0.1]
	at jakarta.servlet.http.HttpServlet.service(HttpServlet.java:710) ~[tomcat-embed-core-11.0.14.jar:6.1]
	at org.apache.catalina.core.ApplicationFilterChain.doFilter(ApplicationFilterChain.java:128) ~[tomcat-embed-core-11.0.14.jar:11.0.14]
	at org.apache.tomcat.websocket.server.WsFilter.doFilter(WsFilter.java:53) ~[tomcat-embed-websocket-11.0.14.jar:11.0.14]
	at org.apache.catalina.core.ApplicationFilterChain.doFilter(ApplicationFilterChain.java:107) ~[tomcat-embed-core-11.0.14.jar:11.0.14]
	at org.springframework.web.filter.RequestContextFilter.doFilterInternal(RequestContextFilter.java:100) ~[spring-web-7.0.1.jar:7.0.1]
	at org.springframework.web.filter.OncePerRequestFilter.doFilter(OncePerRequestFilter.java:116) ~[spring-web-7.0.1.jar:7.0.1]
	at org.apache.catalina.core.ApplicationFilterChain.doFilter(ApplicationFilterChain.java:107) ~[tomcat-embed-core-11.0.14.jar:11.0.14]
	at org.springframework.web.filter.FormContentFilter.doFilterInternal(FormContentFilter.java:93) ~[spring-web-7.0.1.jar:7.0.1]
	at org.springframework.web.filter.OncePerRequestFilter.doFilter(OncePerRequestFilter.java:116) ~[spring-web-7.0.1.jar:7.0.1]
	at org.apache.catalina.core.ApplicationFilterChain.doFilter(ApplicationFilterChain.java:107) ~[tomcat-embed-core-11.0.14.jar:11.0.14]
	at org.springframework.web.filter.CharacterEncodingFilter.doFilterInternal(CharacterEncodingFilter.java:199) ~[spring-web-7.0.1.jar:7.0.1]
	at org.springframework.web.filter.OncePerRequestFilter.doFilter(OncePerRequestFilter.java:116) ~[spring-web-7.0.1.jar:7.0.1]
	at org.apache.catalina.core.ApplicationFilterChain.doFilter(ApplicationFilterChain.java:107) ~[tomcat-embed-core-11.0.14.jar:11.0.14]
	at org.apache.catalina.core.StandardWrapperValve.invoke(StandardWrapperValve.java:165) ~[tomcat-embed-core-11.0.14.jar:11.0.14]
	at org.apache.catalina.core.StandardContextValve.invoke(StandardContextValve.java:77) ~[tomcat-embed-core-11.0.14.jar:11.0.14]
	at org.apache.catalina.authenticator.AuthenticatorBase.invoke(AuthenticatorBase.java:482) ~[tomcat-embed-core-11.0.14.jar:11.0.14]
	at org.apache.catalina.core.StandardHostValve.invoke(StandardHostValve.java:113) ~[tomcat-embed-core-11.0.14.jar:11.0.14]
	at org.apache.catalina.valves.ErrorReportValve.invoke(ErrorReportValve.java:83) ~[tomcat-embed-core-11.0.14.jar:11.0.14]
	at org.apache.catalina.core.StandardEngineValve.invoke(StandardEngineValve.java:72) ~[tomcat-embed-core-11.0.14.jar:11.0.14]
	at org.apache.catalina.connector.CoyoteAdapter.service(CoyoteAdapter.java:341) ~[tomcat-embed-core-11.0.14.jar:11.0.14]
	at org.apache.coyote.http11.Http11Processor.service(Http11Processor.java:397) ~[tomcat-embed-core-11.0.14.jar:11.0.14]
	at org.apache.coyote.AbstractProcessorLight.process(AbstractProcessorLight.java:63) ~[tomcat-embed-core-11.0.14.jar:11.0.14]
	at org.apache.coyote.AbstractProtocol$ConnectionHandler.process(AbstractProtocol.java:903) ~[tomcat-embed-core-11.0.14.jar:11.0.14]
	at org.apache.tomcat.util.net.NioEndpoint$SocketProcessor.doRun(NioEndpoint.java:1778) ~[tomcat-embed-core-11.0.14.jar:11.0.14]
	at org.apache.tomcat.util.net.SocketProcessorBase.run(SocketProcessorBase.java:52) ~[tomcat-embed-core-11.0.14.jar:11.0.14]
	at org.apache.tomcat.util.threads.ThreadPoolExecutor.runWorker(ThreadPoolExecutor.java:946) ~[tomcat-embed-core-11.0.14.jar:11.0.14]
	at org.apache.tomcat.util.threads.ThreadPoolExecutor$Worker.run(ThreadPoolExecutor.java:480) ~[tomcat-embed-core-11.0.14.jar:11.0.14]
	at org.apache.tomcat.util.threads.TaskThread$WrappingRunnable.run(TaskThread.java:57) ~[tomcat-embed-core-11.0.14.jar:11.0.14]
	at java.base/java.lang.Thread.run(Unknown Source) ~[na:na]

2025-12-14T18:40:15.024-03:00 ERROR 244 --- [apiproducts] [http-nio-8180-exec-7] o.a.c.c.C.[.[.[/].[dispatcherServlet]    : Servlet.service() for servlet [dispatcherServlet] in context with path [] threw exception [Request processing failed: org.springframework.dao.DataIntegrityViolationException: not-null property references a null or transient value for entity com.prodbackend.apiproducts.entity.Usuario.password] with root cause

org.hibernate.PropertyValueException: not-null property references a null or transient value for entity com.prodbackend.apiproducts.entity.Usuario.password
	at org.hibernate.engine.internal.Nullability.checkNullability(Nullability.java:120) ~[hibernate-core-7.1.8.Final.jar:7.1.8.Final]
	at org.hibernate.event.internal.DefaultFlushEntityEventListener.scheduleUpdate(DefaultFlushEntityEventListener.java:253) ~[hibernate-core-7.1.8.Final.jar:7.1.8.Final]
	at org.hibernate.event.internal.DefaultFlushEntityEventListener.onFlushEntity(DefaultFlushEntityEventListener.java:143) ~[hibernate-core-7.1.8.Final.jar:7.1.8.Final]
	at org.hibernate.event.service.internal.EventListenerGroupImpl.fireEventOnEachListener(EventListenerGroupImpl.java:140) ~[hibernate-core-7.1.8.Final.jar:7.1.8.Final]
	at org.hibernate.event.internal.AbstractFlushingEventListener.flushEntities(AbstractFlushingEventListener.java:235) ~[hibernate-core-7.1.8.Final.jar:7.1.8.Final]
	at org.hibernate.event.internal.AbstractFlushingEventListener.flushEverythingToExecutions(AbstractFlushingEventListener.java:75) ~[hibernate-core-7.1.8.Final.jar:7.1.8.Final]
	at org.hibernate.event.internal.AbstractFlushingEventListener.flushEverythingToExecutions(AbstractFlushingEventListener.java:69) ~[hibernate-core-7.1.8.Final.jar:7.1.8.Final]
	at org.hibernate.event.internal.DefaultFlushEventListener.onFlush(DefaultFlushEventListener.java:38) ~[hibernate-core-7.1.8.Final.jar:7.1.8.Final]
	at org.hibernate.event.service.internal.EventListenerGroupImpl.fireEventOnEachListener(EventListenerGroupImpl.java:140) ~[hibernate-core-7.1.8.Final.jar:7.1.8.Final]
	at org.hibernate.internal.SessionImpl.doFlush(SessionImpl.java:1447) ~[hibernate-core-7.1.8.Final.jar:7.1.8.Final]
	at org.hibernate.internal.SessionImpl.managedFlush(SessionImpl.java:488) ~[hibernate-core-7.1.8.Final.jar:7.1.8.Final]
	at org.hibernate.internal.SessionImpl.flushBeforeTransactionCompletion(SessionImpl.java:2325) ~[hibernate-core-7.1.8.Final.jar:7.1.8.Final]
	at org.hibernate.internal.SessionImpl.beforeTransactionCompletion(SessionImpl.java:2033) ~[hibernate-core-7.1.8.Final.jar:7.1.8.Final]
	at org.hibernate.engine.jdbc.internal.JdbcCoordinatorImpl.beforeTransactionCompletion(JdbcCoordinatorImpl.java:394) ~[hibernate-core-7.1.8.Final.jar:7.1.8.Final]
	at org.hibernate.resource.transaction.backend.jdbc.internal.JdbcResourceLocalTransactionCoordinatorImpl.beforeCompletionCallback(JdbcResourceLocalTransactionCoordinatorImpl.java:167) ~[hibernate-core-7.1.8.Final.jar:7.1.8.Final]
	at org.hibernate.resource.transaction.backend.jdbc.internal.JdbcResourceLocalTransactionCoordinatorImpl$TransactionDriverControlImpl.commitNoRollbackOnly(JdbcResourceLocalTransactionCoordinatorImpl.java:249) ~[hibernate-core-7.1.8.Final.jar:7.1.8.Final]
	at org.hibernate.resource.transaction.backend.jdbc.internal.JdbcResourceLocalTransactionCoordinatorImpl$TransactionDriverControlImpl.commit(JdbcResourceLocalTransactionCoordinatorImpl.java:243) ~[hibernate-core-7.1.8.Final.jar:7.1.8.Final]
	at org.hibernate.engine.transaction.internal.TransactionImpl.commit(TransactionImpl.java:90) ~[hibernate-core-7.1.8.Final.jar:7.1.8.Final]
	at org.springframework.orm.jpa.JpaTransactionManager.doCommit(JpaTransactionManager.java:553) ~[spring-orm-7.0.1.jar:7.0.1]
	at org.springframework.transaction.support.AbstractPlatformTransactionManager.processCommit(AbstractPlatformTransactionManager.java:794) ~[spring-tx-7.0.1.jar:7.0.1]
	at org.springframework.transaction.support.AbstractPlatformTransactionManager.commit(AbstractPlatformTransactionManager.java:757) ~[spring-tx-7.0.1.jar:7.0.1]
	at org.springframework.transaction.interceptor.TransactionAspectSupport.commitTransactionAfterReturning(TransactionAspectSupport.java:684) ~[spring-tx-7.0.1.jar:7.0.1]
	at org.springframework.transaction.interceptor.TransactionAspectSupport.invokeWithinTransaction(TransactionAspectSupport.java:406) ~[spring-tx-7.0.1.jar:7.0.1]
	at org.springframework.transaction.interceptor.TransactionInterceptor.invoke(TransactionInterceptor.java:118) ~[spring-tx-7.0.1.jar:7.0.1]
	at org.springframework.aop.framework.ReflectiveMethodInvocation.proceed(ReflectiveMethodInvocation.java:179) ~[spring-aop-7.0.1.jar:7.0.1]
	at org.springframework.dao.support.PersistenceExceptionTranslationInterceptor.invoke(PersistenceExceptionTranslationInterceptor.java:135) ~[spring-tx-7.0.1.jar:7.0.1]
	at org.springframework.aop.framework.ReflectiveMethodInvocation.proceed(ReflectiveMethodInvocation.java:179) ~[spring-aop-7.0.1.jar:7.0.1]
	at org.springframework.data.jpa.repository.support.CrudMethodMetadataPostProcessor$CrudMethodMetadataPopulatingMethodInterceptor.invoke(CrudMethodMetadataPostProcessor.java:166) ~[spring-data-jpa-4.0.0.jar:4.0.0]
	at org.springframework.aop.framework.ReflectiveMethodInvocation.proceed(ReflectiveMethodInvocation.java:179) ~[spring-aop-7.0.1.jar:7.0.1]
	at org.springframework.aop.framework.JdkDynamicAopProxy.invoke(JdkDynamicAopProxy.java:222) ~[spring-aop-7.0.1.jar:7.0.1]
	at jdk.proxy2/jdk.proxy2.$Proxy141.save(Unknown Source) ~[na:na]
	at com.prodbackend.apiproducts.service.UsuarioService.actualizarUsuario(UsuarioService.java:44) ~[classes/:na]
	at com.prodbackend.apiproducts.controller.UsuarioController.actualizarUsuario(UsuarioController.java:64) ~[classes/:na]
	at java.base/jdk.internal.reflect.DirectMethodHandleAccessor.invoke(Unknown Source) ~[na:na]
	at java.base/java.lang.reflect.Method.invoke(Unknown Source) ~[na:na]
	at org.springframework.web.method.support.InvocableHandlerMethod.doInvoke(InvocableHandlerMethod.java:258) ~[spring-web-7.0.1.jar:7.0.1]
	at org.springframework.web.method.support.InvocableHandlerMethod.invokeForRequest(InvocableHandlerMethod.java:190) ~[spring-web-7.0.1.jar:7.0.1]
	at org.springframework.web.servlet.mvc.method.annotation.ServletInvocableHandlerMethod.invokeAndHandle(ServletInvocableHandlerMethod.java:117) ~[spring-webmvc-7.0.1.jar:7.0.1]
	at org.springframework.web.servlet.mvc.method.annotation.RequestMappingHandlerAdapter.invokeHandlerMethod(RequestMappingHandlerAdapter.java:934) ~[spring-webmvc-7.0.1.jar:7.0.1]
	at org.springframework.web.servlet.mvc.method.annotation.RequestMappingHandlerAdapter.handleInternal(RequestMappingHandlerAdapter.java:853) ~[spring-webmvc-7.0.1.jar:7.0.1]
	at org.springframework.web.servlet.mvc.method.AbstractHandlerMethodAdapter.handle(AbstractHandlerMethodAdapter.java:86) ~[spring-webmvc-7.0.1.jar:7.0.1]
	at org.springframework.web.servlet.DispatcherServlet.doDispatch(DispatcherServlet.java:963) ~[spring-webmvc-7.0.1.jar:7.0.1]
	at org.springframework.web.servlet.DispatcherServlet.doService(DispatcherServlet.java:866) ~[spring-webmvc-7.0.1.jar:7.0.1]
	at org.springframework.web.servlet.FrameworkServlet.processRequest(FrameworkServlet.java:1003) ~[spring-webmvc-7.0.1.jar:7.0.1]
	at org.springframework.web.servlet.FrameworkServlet.doPut(FrameworkServlet.java:914) ~[spring-webmvc-7.0.1.jar:7.0.1]
	at jakarta.servlet.http.HttpServlet.service(HttpServlet.java:650) ~[tomcat-embed-core-11.0.14.jar:6.1]
	at org.springframework.web.servlet.FrameworkServlet.service(FrameworkServlet.java:874) ~[spring-webmvc-7.0.1.jar:7.0.1]
	at jakarta.servlet.http.HttpServlet.service(HttpServlet.java:710) ~[tomcat-embed-core-11.0.14.jar:6.1]
	at org.apache.catalina.core.ApplicationFilterChain.doFilter(ApplicationFilterChain.java:128) ~[tomcat-embed-core-11.0.14.jar:11.0.14]
	at org.apache.tomcat.websocket.server.WsFilter.doFilter(WsFilter.java:53) ~[tomcat-embed-websocket-11.0.14.jar:11.0.14]
	at org.apache.catalina.core.ApplicationFilterChain.doFilter(ApplicationFilterChain.java:107) ~[tomcat-embed-core-11.0.14.jar:11.0.14]
	at org.springframework.web.filter.RequestContextFilter.doFilterInternal(RequestContextFilter.java:100) ~[spring-web-7.0.1.jar:7.0.1]
	at org.springframework.web.filter.OncePerRequestFilter.doFilter(OncePerRequestFilter.java:116) ~[spring-web-7.0.1.jar:7.0.1]
	at org.apache.catalina.core.ApplicationFilterChain.doFilter(ApplicationFilterChain.java:107) ~[tomcat-embed-core-11.0.14.jar:11.0.14]
	at org.springframework.web.filter.FormContentFilter.doFilterInternal(FormContentFilter.java:93) ~[spring-web-7.0.1.jar:7.0.1]
	at org.springframework.web.filter.OncePerRequestFilter.doFilter(OncePerRequestFilter.java:116) ~[spring-web-7.0.1.jar:7.0.1]
	at org.apache.catalina.core.ApplicationFilterChain.doFilter(ApplicationFilterChain.java:107) ~[tomcat-embed-core-11.0.14.jar:11.0.14]
	at org.springframework.web.filter.CharacterEncodingFilter.doFilterInternal(CharacterEncodingFilter.java:199) ~[spring-web-7.0.1.jar:7.0.1]
	at org.springframework.web.filter.OncePerRequestFilter.doFilter(OncePerRequestFilter.java:116) ~[spring-web-7.0.1.jar:7.0.1]
	at org.apache.catalina.core.ApplicationFilterChain.doFilter(ApplicationFilterChain.java:107) ~[tomcat-embed-core-11.0.14.jar:11.0.14]
	at org.apache.catalina.core.StandardWrapperValve.invoke(StandardWrapperValve.java:165) ~[tomcat-embed-core-11.0.14.jar:11.0.14]
	at org.apache.catalina.core.StandardContextValve.invoke(StandardContextValve.java:77) ~[tomcat-embed-core-11.0.14.jar:11.0.14]
	at org.apache.catalina.authenticator.AuthenticatorBase.invoke(AuthenticatorBase.java:482) ~[tomcat-embed-core-11.0.14.jar:11.0.14]
	at org.apache.catalina.core.StandardHostValve.invoke(StandardHostValve.java:113) ~[tomcat-embed-core-11.0.14.jar:11.0.14]
	at org.apache.catalina.valves.ErrorReportValve.invoke(ErrorReportValve.java:83) ~[tomcat-embed-core-11.0.14.jar:11.0.14]
	at org.apache.catalina.core.StandardEngineValve.invoke(StandardEngineValve.java:72) ~[tomcat-embed-core-11.0.14.jar:11.0.14]
	at org.apache.catalina.connector.CoyoteAdapter.service(CoyoteAdapter.java:341) ~[tomcat-embed-core-11.0.14.jar:11.0.14]
	at org.apache.coyote.http11.Http11Processor.service(Http11Processor.java:397) ~[tomcat-embed-core-11.0.14.jar:11.0.14]
	at org.apache.coyote.AbstractProcessorLight.process(AbstractProcessorLight.java:63) ~[tomcat-embed-core-11.0.14.jar:11.0.14]
	at org.apache.coyote.AbstractProtocol$ConnectionHandler.process(AbstractProtocol.java:903) ~[tomcat-embed-core-11.0.14.jar:11.0.14]
	at org.apache.tomcat.util.net.NioEndpoint$SocketProcessor.doRun(NioEndpoint.java:1778) ~[tomcat-embed-core-11.0.14.jar:11.0.14]
	at org.apache.tomcat.util.net.SocketProcessorBase.run(SocketProcessorBase.java:52) ~[tomcat-embed-core-11.0.14.jar:11.0.14]
	at org.apache.tomcat.util.threads.ThreadPoolExecutor.runWorker(ThreadPoolExecutor.java:946) ~[tomcat-embed-core-11.0.14.jar:11.0.14]
	at org.apache.tomcat.util.threads.ThreadPoolExecutor$Worker.run(ThreadPoolExecutor.java:480) ~[tomcat-embed-core-11.0.14.jar:11.0.14]
	at org.apache.tomcat.util.threads.TaskThread$WrappingRunnable.run(TaskThread.java:57) ~[tomcat-embed-core-11.0.14.jar:11.0.14]
	at java.base/java.lang.Thread.run(Unknown Source) ~[na:na]

2025-12-14T18:40:21.361-03:00 ERROR 244 --- [apiproducts] [http-nio-8180-exec-8] o.a.c.c.C.[.[.[/].[dispatcherServlet]    : Servlet.service() for servlet [dispatcherServlet] in context with path [] threw exception [Request processing failed: org.springframework.dao.DataIntegrityViolationException: not-null property references a null or transient value for entity com.prodbackend.apiproducts.entity.Usuario.password] with root cause

org.hibernate.PropertyValueException: not-null property references a null or transient value for entity com.prodbackend.apiproducts.entity.Usuario.password
	at org.hibernate.engine.internal.Nullability.checkNullability(Nullability.java:120) ~[hibernate-core-7.1.8.Final.jar:7.1.8.Final]
	at org.hibernate.event.internal.DefaultFlushEntityEventListener.scheduleUpdate(DefaultFlushEntityEventListener.java:253) ~[hibernate-core-7.1.8.Final.jar:7.1.8.Final]
	at org.hibernate.event.internal.DefaultFlushEntityEventListener.onFlushEntity(DefaultFlushEntityEventListener.java:143) ~[hibernate-core-7.1.8.Final.jar:7.1.8.Final]
	at org.hibernate.event.service.internal.EventListenerGroupImpl.fireEventOnEachListener(EventListenerGroupImpl.java:140) ~[hibernate-core-7.1.8.Final.jar:7.1.8.Final]
	at org.hibernate.event.internal.AbstractFlushingEventListener.flushEntities(AbstractFlushingEventListener.java:235) ~[hibernate-core-7.1.8.Final.jar:7.1.8.Final]
	at org.hibernate.event.internal.AbstractFlushingEventListener.flushEverythingToExecutions(AbstractFlushingEventListener.java:75) ~[hibernate-core-7.1.8.Final.jar:7.1.8.Final]
	at org.hibernate.event.internal.AbstractFlushingEventListener.flushEverythingToExecutions(AbstractFlushingEventListener.java:69) ~[hibernate-core-7.1.8.Final.jar:7.1.8.Final]
	at org.hibernate.event.internal.DefaultFlushEventListener.onFlush(DefaultFlushEventListener.java:38) ~[hibernate-core-7.1.8.Final.jar:7.1.8.Final]
	at org.hibernate.event.service.internal.EventListenerGroupImpl.fireEventOnEachListener(EventListenerGroupImpl.java:140) ~[hibernate-core-7.1.8.Final.jar:7.1.8.Final]
	at org.hibernate.internal.SessionImpl.doFlush(SessionImpl.java:1447) ~[hibernate-core-7.1.8.Final.jar:7.1.8.Final]
	at org.hibernate.internal.SessionImpl.managedFlush(SessionImpl.java:488) ~[hibernate-core-7.1.8.Final.jar:7.1.8.Final]
	at org.hibernate.internal.SessionImpl.flushBeforeTransactionCompletion(SessionImpl.java:2325) ~[hibernate-core-7.1.8.Final.jar:7.1.8.Final]
	at org.hibernate.internal.SessionImpl.beforeTransactionCompletion(SessionImpl.java:2033) ~[hibernate-core-7.1.8.Final.jar:7.1.8.Final]
	at org.hibernate.engine.jdbc.internal.JdbcCoordinatorImpl.beforeTransactionCompletion(JdbcCoordinatorImpl.java:394) ~[hibernate-core-7.1.8.Final.jar:7.1.8.Final]
	at org.hibernate.resource.transaction.backend.jdbc.internal.JdbcResourceLocalTransactionCoordinatorImpl.beforeCompletionCallback(JdbcResourceLocalTransactionCoordinatorImpl.java:167) ~[hibernate-core-7.1.8.Final.jar:7.1.8.Final]
	at org.hibernate.resource.transaction.backend.jdbc.internal.JdbcResourceLocalTransactionCoordinatorImpl$TransactionDriverControlImpl.commitNoRollbackOnly(JdbcResourceLocalTransactionCoordinatorImpl.java:249) ~[hibernate-core-7.1.8.Final.jar:7.1.8.Final]
	at org.hibernate.resource.transaction.backend.jdbc.internal.JdbcResourceLocalTransactionCoordinatorImpl$TransactionDriverControlImpl.commit(JdbcResourceLocalTransactionCoordinatorImpl.java:243) ~[hibernate-core-7.1.8.Final.jar:7.1.8.Final]
	at org.hibernate.engine.transaction.internal.TransactionImpl.commit(TransactionImpl.java:90) ~[hibernate-core-7.1.8.Final.jar:7.1.8.Final]
	at org.springframework.orm.jpa.JpaTransactionManager.doCommit(JpaTransactionManager.java:553) ~[spring-orm-7.0.1.jar:7.0.1]
	at org.springframework.transaction.support.AbstractPlatformTransactionManager.processCommit(AbstractPlatformTransactionManager.java:794) ~[spring-tx-7.0.1.jar:7.0.1]
	at org.springframework.transaction.support.AbstractPlatformTransactionManager.commit(AbstractPlatformTransactionManager.java:757) ~[spring-tx-7.0.1.jar:7.0.1]
	at org.springframework.transaction.interceptor.TransactionAspectSupport.commitTransactionAfterReturning(TransactionAspectSupport.java:684) ~[spring-tx-7.0.1.jar:7.0.1]
	at org.springframework.transaction.interceptor.TransactionAspectSupport.invokeWithinTransaction(TransactionAspectSupport.java:406) ~[spring-tx-7.0.1.jar:7.0.1]
	at org.springframework.transaction.interceptor.TransactionInterceptor.invoke(TransactionInterceptor.java:118) ~[spring-tx-7.0.1.jar:7.0.1]
	at org.springframework.aop.framework.ReflectiveMethodInvocation.proceed(ReflectiveMethodInvocation.java:179) ~[spring-aop-7.0.1.jar:7.0.1]
	at org.springframework.dao.support.PersistenceExceptionTranslationInterceptor.invoke(PersistenceExceptionTranslationInterceptor.java:135) ~[spring-tx-7.0.1.jar:7.0.1]
	at org.springframework.aop.framework.ReflectiveMethodInvocation.proceed(ReflectiveMethodInvocation.java:179) ~[spring-aop-7.0.1.jar:7.0.1]
	at org.springframework.data.jpa.repository.support.CrudMethodMetadataPostProcessor$CrudMethodMetadataPopulatingMethodInterceptor.invoke(CrudMethodMetadataPostProcessor.java:166) ~[spring-data-jpa-4.0.0.jar:4.0.0]
	at org.springframework.aop.framework.ReflectiveMethodInvocation.proceed(ReflectiveMethodInvocation.java:179) ~[spring-aop-7.0.1.jar:7.0.1]
	at org.springframework.aop.framework.JdkDynamicAopProxy.invoke(JdkDynamicAopProxy.java:222) ~[spring-aop-7.0.1.jar:7.0.1]
	at jdk.proxy2/jdk.proxy2.$Proxy141.save(Unknown Source) ~[na:na]
	at com.prodbackend.apiproducts.service.UsuarioService.actualizarUsuario(UsuarioService.java:44) ~[classes/:na]
	at com.prodbackend.apiproducts.controller.UsuarioController.actualizarUsuario(UsuarioController.java:64) ~[classes/:na]
	at java.base/jdk.internal.reflect.DirectMethodHandleAccessor.invoke(Unknown Source) ~[na:na]
	at java.base/java.lang.reflect.Method.invoke(Unknown Source) ~[na:na]
	at org.springframework.web.method.support.InvocableHandlerMethod.doInvoke(InvocableHandlerMethod.java:258) ~[spring-web-7.0.1.jar:7.0.1]
	at org.springframework.web.method.support.InvocableHandlerMethod.invokeForRequest(InvocableHandlerMethod.java:190) ~[spring-web-7.0.1.jar:7.0.1]
	at org.springframework.web.servlet.mvc.method.annotation.ServletInvocableHandlerMethod.invokeAndHandle(ServletInvocableHandlerMethod.java:117) ~[spring-webmvc-7.0.1.jar:7.0.1]
	at org.springframework.web.servlet.mvc.method.annotation.RequestMappingHandlerAdapter.invokeHandlerMethod(RequestMappingHandlerAdapter.java:934) ~[spring-webmvc-7.0.1.jar:7.0.1]
	at org.springframework.web.servlet.mvc.method.annotation.RequestMappingHandlerAdapter.handleInternal(RequestMappingHandlerAdapter.java:853) ~[spring-webmvc-7.0.1.jar:7.0.1]
	at org.springframework.web.servlet.mvc.method.AbstractHandlerMethodAdapter.handle(AbstractHandlerMethodAdapter.java:86) ~[spring-webmvc-7.0.1.jar:7.0.1]
	at org.springframework.web.servlet.DispatcherServlet.doDispatch(DispatcherServlet.java:963) ~[spring-webmvc-7.0.1.jar:7.0.1]
	at org.springframework.web.servlet.DispatcherServlet.doService(DispatcherServlet.java:866) ~[spring-webmvc-7.0.1.jar:7.0.1]
	at org.springframework.web.servlet.FrameworkServlet.processRequest(FrameworkServlet.java:1003) ~[spring-webmvc-7.0.1.jar:7.0.1]
	at org.springframework.web.servlet.FrameworkServlet.doPut(FrameworkServlet.java:914) ~[spring-webmvc-7.0.1.jar:7.0.1]
	at jakarta.servlet.http.HttpServlet.service(HttpServlet.java:650) ~[tomcat-embed-core-11.0.14.jar:6.1]
	at org.springframework.web.servlet.FrameworkServlet.service(FrameworkServlet.java:874) ~[spring-webmvc-7.0.1.jar:7.0.1]
	at jakarta.servlet.http.HttpServlet.service(HttpServlet.java:710) ~[tomcat-embed-core-11.0.14.jar:6.1]
	at org.apache.catalina.core.ApplicationFilterChain.doFilter(ApplicationFilterChain.java:128) ~[tomcat-embed-core-11.0.14.jar:11.0.14]
	at org.apache.tomcat.websocket.server.WsFilter.doFilter(WsFilter.java:53) ~[tomcat-embed-websocket-11.0.14.jar:11.0.14]
	at org.apache.catalina.core.ApplicationFilterChain.doFilter(ApplicationFilterChain.java:107) ~[tomcat-embed-core-11.0.14.jar:11.0.14]
	at org.springframework.web.filter.RequestContextFilter.doFilterInternal(RequestContextFilter.java:100) ~[spring-web-7.0.1.jar:7.0.1]
	at org.springframework.web.filter.OncePerRequestFilter.doFilter(OncePerRequestFilter.java:116) ~[spring-web-7.0.1.jar:7.0.1]
	at org.apache.catalina.core.ApplicationFilterChain.doFilter(ApplicationFilterChain.java:107) ~[tomcat-embed-core-11.0.14.jar:11.0.14]
	at org.springframework.web.filter.FormContentFilter.doFilterInternal(FormContentFilter.java:93) ~[spring-web-7.0.1.jar:7.0.1]
	at org.springframework.web.filter.OncePerRequestFilter.doFilter(OncePerRequestFilter.java:116) ~[spring-web-7.0.1.jar:7.0.1]
	at org.apache.catalina.core.ApplicationFilterChain.doFilter(ApplicationFilterChain.java:107) ~[tomcat-embed-core-11.0.14.jar:11.0.14]
	at org.springframework.web.filter.CharacterEncodingFilter.doFilterInternal(CharacterEncodingFilter.java:199) ~[spring-web-7.0.1.jar:7.0.1]
	at org.springframework.web.filter.OncePerRequestFilter.doFilter(OncePerRequestFilter.java:116) ~[spring-web-7.0.1.jar:7.0.1]
	at org.apache.catalina.core.ApplicationFilterChain.doFilter(ApplicationFilterChain.java:107) ~[tomcat-embed-core-11.0.14.jar:11.0.14]
	at org.apache.catalina.core.StandardWrapperValve.invoke(StandardWrapperValve.java:165) ~[tomcat-embed-core-11.0.14.jar:11.0.14]
	at org.apache.catalina.core.StandardContextValve.invoke(StandardContextValve.java:77) ~[tomcat-embed-core-11.0.14.jar:11.0.14]
	at org.apache.catalina.authenticator.AuthenticatorBase.invoke(AuthenticatorBase.java:482) ~[tomcat-embed-core-11.0.14.jar:11.0.14]
	at org.apache.catalina.core.StandardHostValve.invoke(StandardHostValve.java:113) ~[tomcat-embed-core-11.0.14.jar:11.0.14]
	at org.apache.catalina.valves.ErrorReportValve.invoke(ErrorReportValve.java:83) ~[tomcat-embed-core-11.0.14.jar:11.0.14]
	at org.apache.catalina.core.StandardEngineValve.invoke(StandardEngineValve.java:72) ~[tomcat-embed-core-11.0.14.jar:11.0.14]
	at org.apache.catalina.connector.CoyoteAdapter.service(CoyoteAdapter.java:341) ~[tomcat-embed-core-11.0.14.jar:11.0.14]
	at org.apache.coyote.http11.Http11Processor.service(Http11Processor.java:397) ~[tomcat-embed-core-11.0.14.jar:11.0.14]
	at org.apache.coyote.AbstractProcessorLight.process(AbstractProcessorLight.java:63) ~[tomcat-embed-core-11.0.14.jar:11.0.14]
	at org.apache.coyote.AbstractProtocol$ConnectionHandler.process(AbstractProtocol.java:903) ~[tomcat-embed-core-11.0.14.jar:11.0.14]
	at org.apache.tomcat.util.net.NioEndpoint$SocketProcessor.doRun(NioEndpoint.java:1778) ~[tomcat-embed-core-11.0.14.jar:11.0.14]
	at org.apache.tomcat.util.net.SocketProcessorBase.run(SocketProcessorBase.java:52) ~[tomcat-embed-core-11.0.14.jar:11.0.14]
	at org.apache.tomcat.util.threads.ThreadPoolExecutor.runWorker(ThreadPoolExecutor.java:946) ~[tomcat-embed-core-11.0.14.jar:11.0.14]
	at org.apache.tomcat.util.threads.ThreadPoolExecutor$Worker.run(ThreadPoolExecutor.java:480) ~[tomcat-embed-core-11.0.14.jar:11.0.14]
	at org.apache.tomcat.util.threads.TaskThread$WrappingRunnable.run(TaskThread.java:57) ~[tomcat-embed-core-11.0.14.jar:11.0.14]
	at java.base/java.lang.Thread.run(Unknown Source) ~[na:na]

2025-12-14T18:41:23.674-03:00 ERROR 244 --- [apiproducts] [http-nio-8180-exec-7] o.a.c.c.C.[.[.[/].[dispatcherServlet]    : Servlet.service() for servlet [dispatcherServlet] in context with path [] threw exception [Request processing failed: org.springframework.dao.DataIntegrityViolationException: not-null property references a null or transient value for entity com.prodbackend.apiproducts.entity.Usuario.password] with root cause

org.hibernate.PropertyValueException: not-null property references a null or transient value for entity com.prodbackend.apiproducts.entity.Usuario.password
	at org.hibernate.engine.internal.Nullability.checkNullability(Nullability.java:120) ~[hibernate-core-7.1.8.Final.jar:7.1.8.Final]
	at org.hibernate.event.internal.DefaultFlushEntityEventListener.scheduleUpdate(DefaultFlushEntityEventListener.java:253) ~[hibernate-core-7.1.8.Final.jar:7.1.8.Final]
	at org.hibernate.event.internal.DefaultFlushEntityEventListener.onFlushEntity(DefaultFlushEntityEventListener.java:143) ~[hibernate-core-7.1.8.Final.jar:7.1.8.Final]
	at org.hibernate.event.service.internal.EventListenerGroupImpl.fireEventOnEachListener(EventListenerGroupImpl.java:140) ~[hibernate-core-7.1.8.Final.jar:7.1.8.Final]
	at org.hibernate.event.internal.AbstractFlushingEventListener.flushEntities(AbstractFlushingEventListener.java:235) ~[hibernate-core-7.1.8.Final.jar:7.1.8.Final]
	at org.hibernate.event.internal.AbstractFlushingEventListener.flushEverythingToExecutions(AbstractFlushingEventListener.java:75) ~[hibernate-core-7.1.8.Final.jar:7.1.8.Final]
	at org.hibernate.event.internal.AbstractFlushingEventListener.flushEverythingToExecutions(AbstractFlushingEventListener.java:69) ~[hibernate-core-7.1.8.Final.jar:7.1.8.Final]
	at org.hibernate.event.internal.DefaultFlushEventListener.onFlush(DefaultFlushEventListener.java:38) ~[hibernate-core-7.1.8.Final.jar:7.1.8.Final]
	at org.hibernate.event.service.internal.EventListenerGroupImpl.fireEventOnEachListener(EventListenerGroupImpl.java:140) ~[hibernate-core-7.1.8.Final.jar:7.1.8.Final]
	at org.hibernate.internal.SessionImpl.doFlush(SessionImpl.java:1447) ~[hibernate-core-7.1.8.Final.jar:7.1.8.Final]
	at org.hibernate.internal.SessionImpl.managedFlush(SessionImpl.java:488) ~[hibernate-core-7.1.8.Final.jar:7.1.8.Final]
	at org.hibernate.internal.SessionImpl.flushBeforeTransactionCompletion(SessionImpl.java:2325) ~[hibernate-core-7.1.8.Final.jar:7.1.8.Final]
	at org.hibernate.internal.SessionImpl.beforeTransactionCompletion(SessionImpl.java:2033) ~[hibernate-core-7.1.8.Final.jar:7.1.8.Final]
	at org.hibernate.engine.jdbc.internal.JdbcCoordinatorImpl.beforeTransactionCompletion(JdbcCoordinatorImpl.java:394) ~[hibernate-core-7.1.8.Final.jar:7.1.8.Final]
	at org.hibernate.resource.transaction.backend.jdbc.internal.JdbcResourceLocalTransactionCoordinatorImpl.beforeCompletionCallback(JdbcResourceLocalTransactionCoordinatorImpl.java:167) ~[hibernate-core-7.1.8.Final.jar:7.1.8.Final]
	at org.hibernate.resource.transaction.backend.jdbc.internal.JdbcResourceLocalTransactionCoordinatorImpl$TransactionDriverControlImpl.commitNoRollbackOnly(JdbcResourceLocalTransactionCoordinatorImpl.java:249) ~[hibernate-core-7.1.8.Final.jar:7.1.8.Final]
	at org.hibernate.resource.transaction.backend.jdbc.internal.JdbcResourceLocalTransactionCoordinatorImpl$TransactionDriverControlImpl.commit(JdbcResourceLocalTransactionCoordinatorImpl.java:243) ~[hibernate-core-7.1.8.Final.jar:7.1.8.Final]
	at org.hibernate.engine.transaction.internal.TransactionImpl.commit(TransactionImpl.java:90) ~[hibernate-core-7.1.8.Final.jar:7.1.8.Final]
	at org.springframework.orm.jpa.JpaTransactionManager.doCommit(JpaTransactionManager.java:553) ~[spring-orm-7.0.1.jar:7.0.1]
	at org.springframework.transaction.support.AbstractPlatformTransactionManager.processCommit(AbstractPlatformTransactionManager.java:794) ~[spring-tx-7.0.1.jar:7.0.1]
	at org.springframework.transaction.support.AbstractPlatformTransactionManager.commit(AbstractPlatformTransactionManager.java:757) ~[spring-tx-7.0.1.jar:7.0.1]
	at org.springframework.transaction.interceptor.TransactionAspectSupport.commitTransactionAfterReturning(TransactionAspectSupport.java:684) ~[spring-tx-7.0.1.jar:7.0.1]
	at org.springframework.transaction.interceptor.TransactionAspectSupport.invokeWithinTransaction(TransactionAspectSupport.java:406) ~[spring-tx-7.0.1.jar:7.0.1]
	at org.springframework.transaction.interceptor.TransactionInterceptor.invoke(TransactionInterceptor.java:118) ~[spring-tx-7.0.1.jar:7.0.1]
	at org.springframework.aop.framework.ReflectiveMethodInvocation.proceed(ReflectiveMethodInvocation.java:179) ~[spring-aop-7.0.1.jar:7.0.1]
	at org.springframework.dao.support.PersistenceExceptionTranslationInterceptor.invoke(PersistenceExceptionTranslationInterceptor.java:135) ~[spring-tx-7.0.1.jar:7.0.1]
	at org.springframework.aop.framework.ReflectiveMethodInvocation.proceed(ReflectiveMethodInvocation.java:179) ~[spring-aop-7.0.1.jar:7.0.1]
	at org.springframework.data.jpa.repository.support.CrudMethodMetadataPostProcessor$CrudMethodMetadataPopulatingMethodInterceptor.invoke(CrudMethodMetadataPostProcessor.java:166) ~[spring-data-jpa-4.0.0.jar:4.0.0]
	at org.springframework.aop.framework.ReflectiveMethodInvocation.proceed(ReflectiveMethodInvocation.java:179) ~[spring-aop-7.0.1.jar:7.0.1]
	at org.springframework.aop.framework.JdkDynamicAopProxy.invoke(JdkDynamicAopProxy.java:222) ~[spring-aop-7.0.1.jar:7.0.1]
	at jdk.proxy2/jdk.proxy2.$Proxy141.save(Unknown Source) ~[na:na]
	at com.prodbackend.apiproducts.service.UsuarioService.actualizarUsuario(UsuarioService.java:44) ~[classes/:na]
	at com.prodbackend.apiproducts.controller.UsuarioController.actualizarUsuario(UsuarioController.java:64) ~[classes/:na]
	at java.base/jdk.internal.reflect.DirectMethodHandleAccessor.invoke(Unknown Source) ~[na:na]
	at java.base/java.lang.reflect.Method.invoke(Unknown Source) ~[na:na]
	at org.springframework.web.method.support.InvocableHandlerMethod.doInvoke(InvocableHandlerMethod.java:258) ~[spring-web-7.0.1.jar:7.0.1]
	at org.springframework.web.method.support.InvocableHandlerMethod.invokeForRequest(InvocableHandlerMethod.java:190) ~[spring-web-7.0.1.jar:7.0.1]
	at org.springframework.web.servlet.mvc.method.annotation.ServletInvocableHandlerMethod.invokeAndHandle(ServletInvocableHandlerMethod.java:117) ~[spring-webmvc-7.0.1.jar:7.0.1]
	at org.springframework.web.servlet.mvc.method.annotation.RequestMappingHandlerAdapter.invokeHandlerMethod(RequestMappingHandlerAdapter.java:934) ~[spring-webmvc-7.0.1.jar:7.0.1]
	at org.springframework.web.servlet.mvc.method.annotation.RequestMappingHandlerAdapter.handleInternal(RequestMappingHandlerAdapter.java:853) ~[spring-webmvc-7.0.1.jar:7.0.1]
	at org.springframework.web.servlet.mvc.method.AbstractHandlerMethodAdapter.handle(AbstractHandlerMethodAdapter.java:86) ~[spring-webmvc-7.0.1.jar:7.0.1]
	at org.springframework.web.servlet.DispatcherServlet.doDispatch(DispatcherServlet.java:963) ~[spring-webmvc-7.0.1.jar:7.0.1]
	at org.springframework.web.servlet.DispatcherServlet.doService(DispatcherServlet.java:866) ~[spring-webmvc-7.0.1.jar:7.0.1]
	at org.springframework.web.servlet.FrameworkServlet.processRequest(FrameworkServlet.java:1003) ~[spring-webmvc-7.0.1.jar:7.0.1]
	at org.springframework.web.servlet.FrameworkServlet.doPut(FrameworkServlet.java:914) ~[spring-webmvc-7.0.1.jar:7.0.1]
	at jakarta.servlet.http.HttpServlet.service(HttpServlet.java:650) ~[tomcat-embed-core-11.0.14.jar:6.1]
	at org.springframework.web.servlet.FrameworkServlet.service(FrameworkServlet.java:874) ~[spring-webmvc-7.0.1.jar:7.0.1]
	at jakarta.servlet.http.HttpServlet.service(HttpServlet.java:710) ~[tomcat-embed-core-11.0.14.jar:6.1]
	at org.apache.catalina.core.ApplicationFilterChain.doFilter(ApplicationFilterChain.java:128) ~[tomcat-embed-core-11.0.14.jar:11.0.14]
	at org.apache.tomcat.websocket.server.WsFilter.doFilter(WsFilter.java:53) ~[tomcat-embed-websocket-11.0.14.jar:11.0.14]
	at org.apache.catalina.core.ApplicationFilterChain.doFilter(ApplicationFilterChain.java:107) ~[tomcat-embed-core-11.0.14.jar:11.0.14]
	at org.springframework.web.filter.RequestContextFilter.doFilterInternal(RequestContextFilter.java:100) ~[spring-web-7.0.1.jar:7.0.1]
	at org.springframework.web.filter.OncePerRequestFilter.doFilter(OncePerRequestFilter.java:116) ~[spring-web-7.0.1.jar:7.0.1]
	at org.apache.catalina.core.ApplicationFilterChain.doFilter(ApplicationFilterChain.java:107) ~[tomcat-embed-core-11.0.14.jar:11.0.14]
	at org.springframework.web.filter.FormContentFilter.doFilterInternal(FormContentFilter.java:93) ~[spring-web-7.0.1.jar:7.0.1]
	at org.springframework.web.filter.OncePerRequestFilter.doFilter(OncePerRequestFilter.java:116) ~[spring-web-7.0.1.jar:7.0.1]
	at org.apache.catalina.core.ApplicationFilterChain.doFilter(ApplicationFilterChain.java:107) ~[tomcat-embed-core-11.0.14.jar:11.0.14]
	at org.springframework.web.filter.CharacterEncodingFilter.doFilterInternal(CharacterEncodingFilter.java:199) ~[spring-web-7.0.1.jar:7.0.1]
	at org.springframework.web.filter.OncePerRequestFilter.doFilter(OncePerRequestFilter.java:116) ~[spring-web-7.0.1.jar:7.0.1]
	at org.apache.catalina.core.ApplicationFilterChain.doFilter(ApplicationFilterChain.java:107) ~[tomcat-embed-core-11.0.14.jar:11.0.14]
	at org.apache.catalina.core.StandardWrapperValve.invoke(StandardWrapperValve.java:165) ~[tomcat-embed-core-11.0.14.jar:11.0.14]
	at org.apache.catalina.core.StandardContextValve.invoke(StandardContextValve.java:77) ~[tomcat-embed-core-11.0.14.jar:11.0.14]
	at org.apache.catalina.authenticator.AuthenticatorBase.invoke(AuthenticatorBase.java:482) ~[tomcat-embed-core-11.0.14.jar:11.0.14]
	at org.apache.catalina.core.StandardHostValve.invoke(StandardHostValve.java:113) ~[tomcat-embed-core-11.0.14.jar:11.0.14]
	at org.apache.catalina.valves.ErrorReportValve.invoke(ErrorReportValve.java:83) ~[tomcat-embed-core-11.0.14.jar:11.0.14]
	at org.apache.catalina.core.StandardEngineValve.invoke(StandardEngineValve.java:72) ~[tomcat-embed-core-11.0.14.jar:11.0.14]
	at org.apache.catalina.connector.CoyoteAdapter.service(CoyoteAdapter.java:341) ~[tomcat-embed-core-11.0.14.jar:11.0.14]
	at org.apache.coyote.http11.Http11Processor.service(Http11Processor.java:397) ~[tomcat-embed-core-11.0.14.jar:11.0.14]
	at org.apache.coyote.AbstractProcessorLight.process(AbstractProcessorLight.java:63) ~[tomcat-embed-core-11.0.14.jar:11.0.14]
	at org.apache.coyote.AbstractProtocol$ConnectionHandler.process(AbstractProtocol.java:903) ~[tomcat-embed-core-11.0.14.jar:11.0.14]
	at org.apache.tomcat.util.net.NioEndpoint$SocketProcessor.doRun(NioEndpoint.java:1778) ~[tomcat-embed-core-11.0.14.jar:11.0.14]
	at org.apache.tomcat.util.net.SocketProcessorBase.run(SocketProcessorBase.java:52) ~[tomcat-embed-core-11.0.14.jar:11.0.14]
	at org.apache.tomcat.util.threads.ThreadPoolExecutor.runWorker(ThreadPoolExecutor.java:946) ~[tomcat-embed-core-11.0.14.jar:11.0.14]
	at org.apache.tomcat.util.threads.ThreadPoolExecutor$Worker.run(ThreadPoolExecutor.java:480) ~[tomcat-embed-core-11.0.14.jar:11.0.14]
	at org.apache.tomcat.util.threads.TaskThread$WrappingRunnable.run(TaskThread.java:57) ~[tomcat-embed-core-11.0.14.jar:11.0.14]
	at java.base/java.lang.Thread.run(Unknown Source) ~[na:na]

2025-12-14T18:45:08.034-03:00 ERROR 244 --- [apiproducts] [http-nio-8180-exec-2] o.a.c.c.C.[.[.[/].[dispatcherServlet]    : Servlet.service() for servlet [dispatcherServlet] in context with path [] threw exception [Request processing failed: org.springframework.dao.DataIntegrityViolationException: not-null property references a null or transient value for entity com.prodbackend.apiproducts.entity.Usuario.password] with root cause

org.hibernate.PropertyValueException: not-null property references a null or transient value for entity com.prodbackend.apiproducts.entity.Usuario.password
	at org.hibernate.engine.internal.Nullability.checkNullability(Nullability.java:120) ~[hibernate-core-7.1.8.Final.jar:7.1.8.Final]
	at org.hibernate.event.internal.DefaultFlushEntityEventListener.scheduleUpdate(DefaultFlushEntityEventListener.java:253) ~[hibernate-core-7.1.8.Final.jar:7.1.8.Final]
	at org.hibernate.event.internal.DefaultFlushEntityEventListener.onFlushEntity(DefaultFlushEntityEventListener.java:143) ~[hibernate-core-7.1.8.Final.jar:7.1.8.Final]
	at org.hibernate.event.service.internal.EventListenerGroupImpl.fireEventOnEachListener(EventListenerGroupImpl.java:140) ~[hibernate-core-7.1.8.Final.jar:7.1.8.Final]
	at org.hibernate.event.internal.AbstractFlushingEventListener.flushEntities(AbstractFlushingEventListener.java:235) ~[hibernate-core-7.1.8.Final.jar:7.1.8.Final]
	at org.hibernate.event.internal.AbstractFlushingEventListener.flushEverythingToExecutions(AbstractFlushingEventListener.java:75) ~[hibernate-core-7.1.8.Final.jar:7.1.8.Final]
	at org.hibernate.event.internal.AbstractFlushingEventListener.flushEverythingToExecutions(AbstractFlushingEventListener.java:69) ~[hibernate-core-7.1.8.Final.jar:7.1.8.Final]
	at org.hibernate.event.internal.DefaultFlushEventListener.onFlush(DefaultFlushEventListener.java:38) ~[hibernate-core-7.1.8.Final.jar:7.1.8.Final]
	at org.hibernate.event.service.internal.EventListenerGroupImpl.fireEventOnEachListener(EventListenerGroupImpl.java:140) ~[hibernate-core-7.1.8.Final.jar:7.1.8.Final]
	at org.hibernate.internal.SessionImpl.doFlush(SessionImpl.java:1447) ~[hibernate-core-7.1.8.Final.jar:7.1.8.Final]
	at org.hibernate.internal.SessionImpl.managedFlush(SessionImpl.java:488) ~[hibernate-core-7.1.8.Final.jar:7.1.8.Final]
	at org.hibernate.internal.SessionImpl.flushBeforeTransactionCompletion(SessionImpl.java:2325) ~[hibernate-core-7.1.8.Final.jar:7.1.8.Final]
	at org.hibernate.internal.SessionImpl.beforeTransactionCompletion(SessionImpl.java:2033) ~[hibernate-core-7.1.8.Final.jar:7.1.8.Final]
	at org.hibernate.engine.jdbc.internal.JdbcCoordinatorImpl.beforeTransactionCompletion(JdbcCoordinatorImpl.java:394) ~[hibernate-core-7.1.8.Final.jar:7.1.8.Final]
	at org.hibernate.resource.transaction.backend.jdbc.internal.JdbcResourceLocalTransactionCoordinatorImpl.beforeCompletionCallback(JdbcResourceLocalTransactionCoordinatorImpl.java:167) ~[hibernate-core-7.1.8.Final.jar:7.1.8.Final]
	at org.hibernate.resource.transaction.backend.jdbc.internal.JdbcResourceLocalTransactionCoordinatorImpl$TransactionDriverControlImpl.commitNoRollbackOnly(JdbcResourceLocalTransactionCoordinatorImpl.java:249) ~[hibernate-core-7.1.8.Final.jar:7.1.8.Final]
	at org.hibernate.resource.transaction.backend.jdbc.internal.JdbcResourceLocalTransactionCoordinatorImpl$TransactionDriverControlImpl.commit(JdbcResourceLocalTransactionCoordinatorImpl.java:243) ~[hibernate-core-7.1.8.Final.jar:7.1.8.Final]
	at org.hibernate.engine.transaction.internal.TransactionImpl.commit(TransactionImpl.java:90) ~[hibernate-core-7.1.8.Final.jar:7.1.8.Final]
	at org.springframework.orm.jpa.JpaTransactionManager.doCommit(JpaTransactionManager.java:553) ~[spring-orm-7.0.1.jar:7.0.1]
	at org.springframework.transaction.support.AbstractPlatformTransactionManager.processCommit(AbstractPlatformTransactionManager.java:794) ~[spring-tx-7.0.1.jar:7.0.1]
	at org.springframework.transaction.support.AbstractPlatformTransactionManager.commit(AbstractPlatformTransactionManager.java:757) ~[spring-tx-7.0.1.jar:7.0.1]
	at org.springframework.transaction.interceptor.TransactionAspectSupport.commitTransactionAfterReturning(TransactionAspectSupport.java:684) ~[spring-tx-7.0.1.jar:7.0.1]
	at org.springframework.transaction.interceptor.TransactionAspectSupport.invokeWithinTransaction(TransactionAspectSupport.java:406) ~[spring-tx-7.0.1.jar:7.0.1]
	at org.springframework.transaction.interceptor.TransactionInterceptor.invoke(TransactionInterceptor.java:118) ~[spring-tx-7.0.1.jar:7.0.1]
	at org.springframework.aop.framework.ReflectiveMethodInvocation.proceed(ReflectiveMethodInvocation.java:179) ~[spring-aop-7.0.1.jar:7.0.1]
	at org.springframework.dao.support.PersistenceExceptionTranslationInterceptor.invoke(PersistenceExceptionTranslationInterceptor.java:135) ~[spring-tx-7.0.1.jar:7.0.1]
	at org.springframework.aop.framework.ReflectiveMethodInvocation.proceed(ReflectiveMethodInvocation.java:179) ~[spring-aop-7.0.1.jar:7.0.1]
	at org.springframework.data.jpa.repository.support.CrudMethodMetadataPostProcessor$CrudMethodMetadataPopulatingMethodInterceptor.invoke(CrudMethodMetadataPostProcessor.java:166) ~[spring-data-jpa-4.0.0.jar:4.0.0]
	at org.springframework.aop.framework.ReflectiveMethodInvocation.proceed(ReflectiveMethodInvocation.java:179) ~[spring-aop-7.0.1.jar:7.0.1]
	at org.springframework.aop.framework.JdkDynamicAopProxy.invoke(JdkDynamicAopProxy.java:222) ~[spring-aop-7.0.1.jar:7.0.1]
	at jdk.proxy2/jdk.proxy2.$Proxy141.save(Unknown Source) ~[na:na]
	at com.prodbackend.apiproducts.service.UsuarioService.actualizarUsuario(UsuarioService.java:44) ~[classes/:na]
	at com.prodbackend.apiproducts.controller.UsuarioController.actualizarUsuario(UsuarioController.java:64) ~[classes/:na]
	at java.base/jdk.internal.reflect.DirectMethodHandleAccessor.invoke(Unknown Source) ~[na:na]
	at java.base/java.lang.reflect.Method.invoke(Unknown Source) ~[na:na]
	at org.springframework.web.method.support.InvocableHandlerMethod.doInvoke(InvocableHandlerMethod.java:258) ~[spring-web-7.0.1.jar:7.0.1]
	at org.springframework.web.method.support.InvocableHandlerMethod.invokeForRequest(InvocableHandlerMethod.java:190) ~[spring-web-7.0.1.jar:7.0.1]
	at org.springframework.web.servlet.mvc.method.annotation.ServletInvocableHandlerMethod.invokeAndHandle(ServletInvocableHandlerMethod.java:117) ~[spring-webmvc-7.0.1.jar:7.0.1]
	at org.springframework.web.servlet.mvc.method.annotation.RequestMappingHandlerAdapter.invokeHandlerMethod(RequestMappingHandlerAdapter.java:934) ~[spring-webmvc-7.0.1.jar:7.0.1]
	at org.springframework.web.servlet.mvc.method.annotation.RequestMappingHandlerAdapter.handleInternal(RequestMappingHandlerAdapter.java:853) ~[spring-webmvc-7.0.1.jar:7.0.1]
	at org.springframework.web.servlet.mvc.method.AbstractHandlerMethodAdapter.handle(AbstractHandlerMethodAdapter.java:86) ~[spring-webmvc-7.0.1.jar:7.0.1]
	at org.springframework.web.servlet.DispatcherServlet.doDispatch(DispatcherServlet.java:963) ~[spring-webmvc-7.0.1.jar:7.0.1]
	at org.springframework.web.servlet.DispatcherServlet.doService(DispatcherServlet.java:866) ~[spring-webmvc-7.0.1.jar:7.0.1]
	at org.springframework.web.servlet.FrameworkServlet.processRequest(FrameworkServlet.java:1003) ~[spring-webmvc-7.0.1.jar:7.0.1]
	at org.springframework.web.servlet.FrameworkServlet.doPut(FrameworkServlet.java:914) ~[spring-webmvc-7.0.1.jar:7.0.1]
	at jakarta.servlet.http.HttpServlet.service(HttpServlet.java:650) ~[tomcat-embed-core-11.0.14.jar:6.1]
	at org.springframework.web.servlet.FrameworkServlet.service(FrameworkServlet.java:874) ~[spring-webmvc-7.0.1.jar:7.0.1]
	at jakarta.servlet.http.HttpServlet.service(HttpServlet.java:710) ~[tomcat-embed-core-11.0.14.jar:6.1]
	at org.apache.catalina.core.ApplicationFilterChain.doFilter(ApplicationFilterChain.java:128) ~[tomcat-embed-core-11.0.14.jar:11.0.14]
	at org.apache.tomcat.websocket.server.WsFilter.doFilter(WsFilter.java:53) ~[tomcat-embed-websocket-11.0.14.jar:11.0.14]
	at org.apache.catalina.core.ApplicationFilterChain.doFilter(ApplicationFilterChain.java:107) ~[tomcat-embed-core-11.0.14.jar:11.0.14]
	at org.springframework.web.filter.RequestContextFilter.doFilterInternal(RequestContextFilter.java:100) ~[spring-web-7.0.1.jar:7.0.1]
	at org.springframework.web.filter.OncePerRequestFilter.doFilter(OncePerRequestFilter.java:116) ~[spring-web-7.0.1.jar:7.0.1]
	at org.apache.catalina.core.ApplicationFilterChain.doFilter(ApplicationFilterChain.java:107) ~[tomcat-embed-core-11.0.14.jar:11.0.14]
	at org.springframework.web.filter.FormContentFilter.doFilterInternal(FormContentFilter.java:93) ~[spring-web-7.0.1.jar:7.0.1]
	at org.springframework.web.filter.OncePerRequestFilter.doFilter(OncePerRequestFilter.java:116) ~[spring-web-7.0.1.jar:7.0.1]
	at org.apache.catalina.core.ApplicationFilterChain.doFilter(ApplicationFilterChain.java:107) ~[tomcat-embed-core-11.0.14.jar:11.0.14]
	at org.springframework.web.filter.CharacterEncodingFilter.doFilterInternal(CharacterEncodingFilter.java:199) ~[spring-web-7.0.1.jar:7.0.1]
	at org.springframework.web.filter.OncePerRequestFilter.doFilter(OncePerRequestFilter.java:116) ~[spring-web-7.0.1.jar:7.0.1]
	at org.apache.catalina.core.ApplicationFilterChain.doFilter(ApplicationFilterChain.java:107) ~[tomcat-embed-core-11.0.14.jar:11.0.14]
	at org.apache.catalina.core.StandardWrapperValve.invoke(StandardWrapperValve.java:165) ~[tomcat-embed-core-11.0.14.jar:11.0.14]
	at org.apache.catalina.core.StandardContextValve.invoke(StandardContextValve.java:77) ~[tomcat-embed-core-11.0.14.jar:11.0.14]
	at org.apache.catalina.authenticator.AuthenticatorBase.invoke(AuthenticatorBase.java:482) ~[tomcat-embed-core-11.0.14.jar:11.0.14]
	at org.apache.catalina.core.StandardHostValve.invoke(StandardHostValve.java:113) ~[tomcat-embed-core-11.0.14.jar:11.0.14]
	at org.apache.catalina.valves.ErrorReportValve.invoke(ErrorReportValve.java:83) ~[tomcat-embed-core-11.0.14.jar:11.0.14]
	at org.apache.catalina.core.StandardEngineValve.invoke(StandardEngineValve.java:72) ~[tomcat-embed-core-11.0.14.jar:11.0.14]
	at org.apache.catalina.connector.CoyoteAdapter.service(CoyoteAdapter.java:341) ~[tomcat-embed-core-11.0.14.jar:11.0.14]
	at org.apache.coyote.http11.Http11Processor.service(Http11Processor.java:397) ~[tomcat-embed-core-11.0.14.jar:11.0.14]
	at org.apache.coyote.AbstractProcessorLight.process(AbstractProcessorLight.java:63) ~[tomcat-embed-core-11.0.14.jar:11.0.14]
	at org.apache.coyote.AbstractProtocol$ConnectionHandler.process(AbstractProtocol.java:903) ~[tomcat-embed-core-11.0.14.jar:11.0.14]
	at org.apache.tomcat.util.net.NioEndpoint$SocketProcessor.doRun(NioEndpoint.java:1778) ~[tomcat-embed-core-11.0.14.jar:11.0.14]
	at org.apache.tomcat.util.net.SocketProcessorBase.run(SocketProcessorBase.java:52) ~[tomcat-embed-core-11.0.14.jar:11.0.14]
	at org.apache.tomcat.util.threads.ThreadPoolExecutor.runWorker(ThreadPoolExecutor.java:946) ~[tomcat-embed-core-11.0.14.jar:11.0.14]
	at org.apache.tomcat.util.threads.ThreadPoolExecutor$Worker.run(ThreadPoolExecutor.java:480) ~[tomcat-embed-core-11.0.14.jar:11.0.14]
	at org.apache.tomcat.util.threads.TaskThread$WrappingRunnable.run(TaskThread.java:57) ~[tomcat-embed-core-11.0.14.jar:11.0.14]
	at java.base/java.lang.Thread.run(Unknown Source) ~[na:na]

2025-12-14T18:46:11.797-03:00 ERROR 244 --- [apiproducts] [http-nio-8180-exec-6] o.a.c.c.C.[.[.[/].[dispatcherServlet]    : Servlet.service() for servlet [dispatcherServlet] in context with path [] threw exception [Request processing failed: org.springframework.dao.DataIntegrityViolationException: not-null property references a null or transient value for entity com.prodbackend.apiproducts.entity.Usuario.password] with root cause

org.hibernate.PropertyValueException: not-null property references a null or transient value for entity com.prodbackend.apiproducts.entity.Usuario.password
	at org.hibernate.engine.internal.Nullability.checkNullability(Nullability.java:120) ~[hibernate-core-7.1.8.Final.jar:7.1.8.Final]
	at org.hibernate.event.internal.DefaultFlushEntityEventListener.scheduleUpdate(DefaultFlushEntityEventListener.java:253) ~[hibernate-core-7.1.8.Final.jar:7.1.8.Final]
	at org.hibernate.event.internal.DefaultFlushEntityEventListener.onFlushEntity(DefaultFlushEntityEventListener.java:143) ~[hibernate-core-7.1.8.Final.jar:7.1.8.Final]
	at org.hibernate.event.service.internal.EventListenerGroupImpl.fireEventOnEachListener(EventListenerGroupImpl.java:140) ~[hibernate-core-7.1.8.Final.jar:7.1.8.Final]
	at org.hibernate.event.internal.AbstractFlushingEventListener.flushEntities(AbstractFlushingEventListener.java:235) ~[hibernate-core-7.1.8.Final.jar:7.1.8.Final]
	at org.hibernate.event.internal.AbstractFlushingEventListener.flushEverythingToExecutions(AbstractFlushingEventListener.java:75) ~[hibernate-core-7.1.8.Final.jar:7.1.8.Final]
	at org.hibernate.event.internal.AbstractFlushingEventListener.flushEverythingToExecutions(AbstractFlushingEventListener.java:69) ~[hibernate-core-7.1.8.Final.jar:7.1.8.Final]
	at org.hibernate.event.internal.DefaultFlushEventListener.onFlush(DefaultFlushEventListener.java:38) ~[hibernate-core-7.1.8.Final.jar:7.1.8.Final]
	at org.hibernate.event.service.internal.EventListenerGroupImpl.fireEventOnEachListener(EventListenerGroupImpl.java:140) ~[hibernate-core-7.1.8.Final.jar:7.1.8.Final]
	at org.hibernate.internal.SessionImpl.doFlush(SessionImpl.java:1447) ~[hibernate-core-7.1.8.Final.jar:7.1.8.Final]
	at org.hibernate.internal.SessionImpl.managedFlush(SessionImpl.java:488) ~[hibernate-core-7.1.8.Final.jar:7.1.8.Final]
	at org.hibernate.internal.SessionImpl.flushBeforeTransactionCompletion(SessionImpl.java:2325) ~[hibernate-core-7.1.8.Final.jar:7.1.8.Final]
	at org.hibernate.internal.SessionImpl.beforeTransactionCompletion(SessionImpl.java:2033) ~[hibernate-core-7.1.8.Final.jar:7.1.8.Final]
	at org.hibernate.engine.jdbc.internal.JdbcCoordinatorImpl.beforeTransactionCompletion(JdbcCoordinatorImpl.java:394) ~[hibernate-core-7.1.8.Final.jar:7.1.8.Final]
	at org.hibernate.resource.transaction.backend.jdbc.internal.JdbcResourceLocalTransactionCoordinatorImpl.beforeCompletionCallback(JdbcResourceLocalTransactionCoordinatorImpl.java:167) ~[hibernate-core-7.1.8.Final.jar:7.1.8.Final]
	at org.hibernate.resource.transaction.backend.jdbc.internal.JdbcResourceLocalTransactionCoordinatorImpl$TransactionDriverControlImpl.commitNoRollbackOnly(JdbcResourceLocalTransactionCoordinatorImpl.java:249) ~[hibernate-core-7.1.8.Final.jar:7.1.8.Final]
	at org.hibernate.resource.transaction.backend.jdbc.internal.JdbcResourceLocalTransactionCoordinatorImpl$TransactionDriverControlImpl.commit(JdbcResourceLocalTransactionCoordinatorImpl.java:243) ~[hibernate-core-7.1.8.Final.jar:7.1.8.Final]
	at org.hibernate.engine.transaction.internal.TransactionImpl.commit(TransactionImpl.java:90) ~[hibernate-core-7.1.8.Final.jar:7.1.8.Final]
	at org.springframework.orm.jpa.JpaTransactionManager.doCommit(JpaTransactionManager.java:553) ~[spring-orm-7.0.1.jar:7.0.1]
	at org.springframework.transaction.support.AbstractPlatformTransactionManager.processCommit(AbstractPlatformTransactionManager.java:794) ~[spring-tx-7.0.1.jar:7.0.1]
	at org.springframework.transaction.support.AbstractPlatformTransactionManager.commit(AbstractPlatformTransactionManager.java:757) ~[spring-tx-7.0.1.jar:7.0.1]
	at org.springframework.transaction.interceptor.TransactionAspectSupport.commitTransactionAfterReturning(TransactionAspectSupport.java:684) ~[spring-tx-7.0.1.jar:7.0.1]
	at org.springframework.transaction.interceptor.TransactionAspectSupport.invokeWithinTransaction(TransactionAspectSupport.java:406) ~[spring-tx-7.0.1.jar:7.0.1]
	at org.springframework.transaction.interceptor.TransactionInterceptor.invoke(TransactionInterceptor.java:118) ~[spring-tx-7.0.1.jar:7.0.1]
	at org.springframework.aop.framework.ReflectiveMethodInvocation.proceed(ReflectiveMethodInvocation.java:179) ~[spring-aop-7.0.1.jar:7.0.1]
	at org.springframework.dao.support.PersistenceExceptionTranslationInterceptor.invoke(PersistenceExceptionTranslationInterceptor.java:135) ~[spring-tx-7.0.1.jar:7.0.1]
	at org.springframework.aop.framework.ReflectiveMethodInvocation.proceed(ReflectiveMethodInvocation.java:179) ~[spring-aop-7.0.1.jar:7.0.1]
	at org.springframework.data.jpa.repository.support.CrudMethodMetadataPostProcessor$CrudMethodMetadataPopulatingMethodInterceptor.invoke(CrudMethodMetadataPostProcessor.java:166) ~[spring-data-jpa-4.0.0.jar:4.0.0]
	at org.springframework.aop.framework.ReflectiveMethodInvocation.proceed(ReflectiveMethodInvocation.java:179) ~[spring-aop-7.0.1.jar:7.0.1]
	at org.springframework.aop.framework.JdkDynamicAopProxy.invoke(JdkDynamicAopProxy.java:222) ~[spring-aop-7.0.1.jar:7.0.1]
	at jdk.proxy2/jdk.proxy2.$Proxy141.save(Unknown Source) ~[na:na]
	at com.prodbackend.apiproducts.service.UsuarioService.actualizarUsuario(UsuarioService.java:44) ~[classes/:na]
	at com.prodbackend.apiproducts.controller.UsuarioController.actualizarUsuario(UsuarioController.java:64) ~[classes/:na]
	at java.base/jdk.internal.reflect.DirectMethodHandleAccessor.invoke(Unknown Source) ~[na:na]
	at java.base/java.lang.reflect.Method.invoke(Unknown Source) ~[na:na]
	at org.springframework.web.method.support.InvocableHandlerMethod.doInvoke(InvocableHandlerMethod.java:258) ~[spring-web-7.0.1.jar:7.0.1]
	at org.springframework.web.method.support.InvocableHandlerMethod.invokeForRequest(InvocableHandlerMethod.java:190) ~[spring-web-7.0.1.jar:7.0.1]
	at org.springframework.web.servlet.mvc.method.annotation.ServletInvocableHandlerMethod.invokeAndHandle(ServletInvocableHandlerMethod.java:117) ~[spring-webmvc-7.0.1.jar:7.0.1]
	at org.springframework.web.servlet.mvc.method.annotation.RequestMappingHandlerAdapter.invokeHandlerMethod(RequestMappingHandlerAdapter.java:934) ~[spring-webmvc-7.0.1.jar:7.0.1]
	at org.springframework.web.servlet.mvc.method.annotation.RequestMappingHandlerAdapter.handleInternal(RequestMappingHandlerAdapter.java:853) ~[spring-webmvc-7.0.1.jar:7.0.1]
	at org.springframework.web.servlet.mvc.method.AbstractHandlerMethodAdapter.handle(AbstractHandlerMethodAdapter.java:86) ~[spring-webmvc-7.0.1.jar:7.0.1]
	at org.springframework.web.servlet.DispatcherServlet.doDispatch(DispatcherServlet.java:963) ~[spring-webmvc-7.0.1.jar:7.0.1]
	at org.springframework.web.servlet.DispatcherServlet.doService(DispatcherServlet.java:866) ~[spring-webmvc-7.0.1.jar:7.0.1]
	at org.springframework.web.servlet.FrameworkServlet.processRequest(FrameworkServlet.java:1003) ~[spring-webmvc-7.0.1.jar:7.0.1]
	at org.springframework.web.servlet.FrameworkServlet.doPut(FrameworkServlet.java:914) ~[spring-webmvc-7.0.1.jar:7.0.1]
	at jakarta.servlet.http.HttpServlet.service(HttpServlet.java:650) ~[tomcat-embed-core-11.0.14.jar:6.1]
	at org.springframework.web.servlet.FrameworkServlet.service(FrameworkServlet.java:874) ~[spring-webmvc-7.0.1.jar:7.0.1]
	at jakarta.servlet.http.HttpServlet.service(HttpServlet.java:710) ~[tomcat-embed-core-11.0.14.jar:6.1]
	at org.apache.catalina.core.ApplicationFilterChain.doFilter(ApplicationFilterChain.java:128) ~[tomcat-embed-core-11.0.14.jar:11.0.14]
	at org.apache.tomcat.websocket.server.WsFilter.doFilter(WsFilter.java:53) ~[tomcat-embed-websocket-11.0.14.jar:11.0.14]
	at org.apache.catalina.core.ApplicationFilterChain.doFilter(ApplicationFilterChain.java:107) ~[tomcat-embed-core-11.0.14.jar:11.0.14]
	at org.springframework.web.filter.RequestContextFilter.doFilterInternal(RequestContextFilter.java:100) ~[spring-web-7.0.1.jar:7.0.1]
	at org.springframework.web.filter.OncePerRequestFilter.doFilter(OncePerRequestFilter.java:116) ~[spring-web-7.0.1.jar:7.0.1]
	at org.apache.catalina.core.ApplicationFilterChain.doFilter(ApplicationFilterChain.java:107) ~[tomcat-embed-core-11.0.14.jar:11.0.14]
	at org.springframework.web.filter.FormContentFilter.doFilterInternal(FormContentFilter.java:93) ~[spring-web-7.0.1.jar:7.0.1]
	at org.springframework.web.filter.OncePerRequestFilter.doFilter(OncePerRequestFilter.java:116) ~[spring-web-7.0.1.jar:7.0.1]
	at org.apache.catalina.core.ApplicationFilterChain.doFilter(ApplicationFilterChain.java:107) ~[tomcat-embed-core-11.0.14.jar:11.0.14]
	at org.springframework.web.filter.CharacterEncodingFilter.doFilterInternal(CharacterEncodingFilter.java:199) ~[spring-web-7.0.1.jar:7.0.1]
	at org.springframework.web.filter.OncePerRequestFilter.doFilter(OncePerRequestFilter.java:116) ~[spring-web-7.0.1.jar:7.0.1]
	at org.apache.catalina.core.ApplicationFilterChain.doFilter(ApplicationFilterChain.java:107) ~[tomcat-embed-core-11.0.14.jar:11.0.14]
	at org.apache.catalina.core.StandardWrapperValve.invoke(StandardWrapperValve.java:165) ~[tomcat-embed-core-11.0.14.jar:11.0.14]
	at org.apache.catalina.core.StandardContextValve.invoke(StandardContextValve.java:77) ~[tomcat-embed-core-11.0.14.jar:11.0.14]
	at org.apache.catalina.authenticator.AuthenticatorBase.invoke(AuthenticatorBase.java:482) ~[tomcat-embed-core-11.0.14.jar:11.0.14]
	at org.apache.catalina.core.StandardHostValve.invoke(StandardHostValve.java:113) ~[tomcat-embed-core-11.0.14.jar:11.0.14]
	at org.apache.catalina.valves.ErrorReportValve.invoke(ErrorReportValve.java:83) ~[tomcat-embed-core-11.0.14.jar:11.0.14]
	at org.apache.catalina.core.StandardEngineValve.invoke(StandardEngineValve.java:72) ~[tomcat-embed-core-11.0.14.jar:11.0.14]
	at org.apache.catalina.connector.CoyoteAdapter.service(CoyoteAdapter.java:341) ~[tomcat-embed-core-11.0.14.jar:11.0.14]
	at org.apache.coyote.http11.Http11Processor.service(Http11Processor.java:397) ~[tomcat-embed-core-11.0.14.jar:11.0.14]
	at org.apache.coyote.AbstractProcessorLight.process(AbstractProcessorLight.java:63) ~[tomcat-embed-core-11.0.14.jar:11.0.14]
	at org.apache.coyote.AbstractProtocol$ConnectionHandler.process(AbstractProtocol.java:903) ~[tomcat-embed-core-11.0.14.jar:11.0.14]
	at org.apache.tomcat.util.net.NioEndpoint$SocketProcessor.doRun(NioEndpoint.java:1778) ~[tomcat-embed-core-11.0.14.jar:11.0.14]
	at org.apache.tomcat.util.net.SocketProcessorBase.run(SocketProcessorBase.java:52) ~[tomcat-embed-core-11.0.14.jar:11.0.14]
	at org.apache.tomcat.util.threads.ThreadPoolExecutor.runWorker(ThreadPoolExecutor.java:946) ~[tomcat-embed-core-11.0.14.jar:11.0.14]
	at org.apache.tomcat.util.threads.ThreadPoolExecutor$Worker.run(ThreadPoolExecutor.java:480) ~[tomcat-embed-core-11.0.14.jar:11.0.14]
	at org.apache.tomcat.util.threads.TaskThread$WrappingRunnable.run(TaskThread.java:57) ~[tomcat-embed-core-11.0.14.jar:11.0.14]
	at java.base/java.lang.Thread.run(Unknown Source) ~[na:na]

2025-12-14T18:46:18.529-03:00 ERROR 244 --- [apiproducts] [http-nio-8180-exec-10] o.a.c.c.C.[.[.[/].[dispatcherServlet]    : Servlet.service() for servlet [dispatcherServlet] in context with path [] threw exception [Request processing failed: org.springframework.dao.DataIntegrityViolationException: not-null property references a null or transient value for entity com.prodbackend.apiproducts.entity.Usuario.password] with root cause

org.hibernate.PropertyValueException: not-null property references a null or transient value for entity com.prodbackend.apiproducts.entity.Usuario.password
	at org.hibernate.engine.internal.Nullability.checkNullability(Nullability.java:120) ~[hibernate-core-7.1.8.Final.jar:7.1.8.Final]
	at org.hibernate.event.internal.DefaultFlushEntityEventListener.scheduleUpdate(DefaultFlushEntityEventListener.java:253) ~[hibernate-core-7.1.8.Final.jar:7.1.8.Final]
	at org.hibernate.event.internal.DefaultFlushEntityEventListener.onFlushEntity(DefaultFlushEntityEventListener.java:143) ~[hibernate-core-7.1.8.Final.jar:7.1.8.Final]
	at org.hibernate.event.service.internal.EventListenerGroupImpl.fireEventOnEachListener(EventListenerGroupImpl.java:140) ~[hibernate-core-7.1.8.Final.jar:7.1.8.Final]
	at org.hibernate.event.internal.AbstractFlushingEventListener.flushEntities(AbstractFlushingEventListener.java:235) ~[hibernate-core-7.1.8.Final.jar:7.1.8.Final]
	at org.hibernate.event.internal.AbstractFlushingEventListener.flushEverythingToExecutions(AbstractFlushingEventListener.java:75) ~[hibernate-core-7.1.8.Final.jar:7.1.8.Final]
	at org.hibernate.event.internal.AbstractFlushingEventListener.flushEverythingToExecutions(AbstractFlushingEventListener.java:69) ~[hibernate-core-7.1.8.Final.jar:7.1.8.Final]
	at org.hibernate.event.internal.DefaultFlushEventListener.onFlush(DefaultFlushEventListener.java:38) ~[hibernate-core-7.1.8.Final.jar:7.1.8.Final]
	at org.hibernate.event.service.internal.EventListenerGroupImpl.fireEventOnEachListener(EventListenerGroupImpl.java:140) ~[hibernate-core-7.1.8.Final.jar:7.1.8.Final]
	at org.hibernate.internal.SessionImpl.doFlush(SessionImpl.java:1447) ~[hibernate-core-7.1.8.Final.jar:7.1.8.Final]
	at org.hibernate.internal.SessionImpl.managedFlush(SessionImpl.java:488) ~[hibernate-core-7.1.8.Final.jar:7.1.8.Final]
	at org.hibernate.internal.SessionImpl.flushBeforeTransactionCompletion(SessionImpl.java:2325) ~[hibernate-core-7.1.8.Final.jar:7.1.8.Final]
	at org.hibernate.internal.SessionImpl.beforeTransactionCompletion(SessionImpl.java:2033) ~[hibernate-core-7.1.8.Final.jar:7.1.8.Final]
	at org.hibernate.engine.jdbc.internal.JdbcCoordinatorImpl.beforeTransactionCompletion(JdbcCoordinatorImpl.java:394) ~[hibernate-core-7.1.8.Final.jar:7.1.8.Final]
	at org.hibernate.resource.transaction.backend.jdbc.internal.JdbcResourceLocalTransactionCoordinatorImpl.beforeCompletionCallback(JdbcResourceLocalTransactionCoordinatorImpl.java:167) ~[hibernate-core-7.1.8.Final.jar:7.1.8.Final]
	at org.hibernate.resource.transaction.backend.jdbc.internal.JdbcResourceLocalTransactionCoordinatorImpl$TransactionDriverControlImpl.commitNoRollbackOnly(JdbcResourceLocalTransactionCoordinatorImpl.java:249) ~[hibernate-core-7.1.8.Final.jar:7.1.8.Final]
	at org.hibernate.resource.transaction.backend.jdbc.internal.JdbcResourceLocalTransactionCoordinatorImpl$TransactionDriverControlImpl.commit(JdbcResourceLocalTransactionCoordinatorImpl.java:243) ~[hibernate-core-7.1.8.Final.jar:7.1.8.Final]
	at org.hibernate.engine.transaction.internal.TransactionImpl.commit(TransactionImpl.java:90) ~[hibernate-core-7.1.8.Final.jar:7.1.8.Final]
	at org.springframework.orm.jpa.JpaTransactionManager.doCommit(JpaTransactionManager.java:553) ~[spring-orm-7.0.1.jar:7.0.1]
	at org.springframework.transaction.support.AbstractPlatformTransactionManager.processCommit(AbstractPlatformTransactionManager.java:794) ~[spring-tx-7.0.1.jar:7.0.1]
	at org.springframework.transaction.support.AbstractPlatformTransactionManager.commit(AbstractPlatformTransactionManager.java:757) ~[spring-tx-7.0.1.jar:7.0.1]
	at org.springframework.transaction.interceptor.TransactionAspectSupport.commitTransactionAfterReturning(TransactionAspectSupport.java:684) ~[spring-tx-7.0.1.jar:7.0.1]
	at org.springframework.transaction.interceptor.TransactionAspectSupport.invokeWithinTransaction(TransactionAspectSupport.java:406) ~[spring-tx-7.0.1.jar:7.0.1]
	at org.springframework.transaction.interceptor.TransactionInterceptor.invoke(TransactionInterceptor.java:118) ~[spring-tx-7.0.1.jar:7.0.1]
	at org.springframework.aop.framework.ReflectiveMethodInvocation.proceed(ReflectiveMethodInvocation.java:179) ~[spring-aop-7.0.1.jar:7.0.1]
	at org.springframework.dao.support.PersistenceExceptionTranslationInterceptor.invoke(PersistenceExceptionTranslationInterceptor.java:135) ~[spring-tx-7.0.1.jar:7.0.1]
	at org.springframework.aop.framework.ReflectiveMethodInvocation.proceed(ReflectiveMethodInvocation.java:179) ~[spring-aop-7.0.1.jar:7.0.1]
	at org.springframework.data.jpa.repository.support.CrudMethodMetadataPostProcessor$CrudMethodMetadataPopulatingMethodInterceptor.invoke(CrudMethodMetadataPostProcessor.java:166) ~[spring-data-jpa-4.0.0.jar:4.0.0]
	at org.springframework.aop.framework.ReflectiveMethodInvocation.proceed(ReflectiveMethodInvocation.java:179) ~[spring-aop-7.0.1.jar:7.0.1]
	at org.springframework.aop.framework.JdkDynamicAopProxy.invoke(JdkDynamicAopProxy.java:222) ~[spring-aop-7.0.1.jar:7.0.1]
	at jdk.proxy2/jdk.proxy2.$Proxy141.save(Unknown Source) ~[na:na]
	at com.prodbackend.apiproducts.service.UsuarioService.actualizarUsuario(UsuarioService.java:44) ~[classes/:na]
	at com.prodbackend.apiproducts.controller.UsuarioController.actualizarUsuario(UsuarioController.java:64) ~[classes/:na]
	at java.base/jdk.internal.reflect.DirectMethodHandleAccessor.invoke(Unknown Source) ~[na:na]
	at java.base/java.lang.reflect.Method.invoke(Unknown Source) ~[na:na]
	at org.springframework.web.method.support.InvocableHandlerMethod.doInvoke(InvocableHandlerMethod.java:258) ~[spring-web-7.0.1.jar:7.0.1]
	at org.springframework.web.method.support.InvocableHandlerMethod.invokeForRequest(InvocableHandlerMethod.java:190) ~[spring-web-7.0.1.jar:7.0.1]
	at org.springframework.web.servlet.mvc.method.annotation.ServletInvocableHandlerMethod.invokeAndHandle(ServletInvocableHandlerMethod.java:117) ~[spring-webmvc-7.0.1.jar:7.0.1]
	at org.springframework.web.servlet.mvc.method.annotation.RequestMappingHandlerAdapter.invokeHandlerMethod(RequestMappingHandlerAdapter.java:934) ~[spring-webmvc-7.0.1.jar:7.0.1]
	at org.springframework.web.servlet.mvc.method.annotation.RequestMappingHandlerAdapter.handleInternal(RequestMappingHandlerAdapter.java:853) ~[spring-webmvc-7.0.1.jar:7.0.1]
	at org.springframework.web.servlet.mvc.method.AbstractHandlerMethodAdapter.handle(AbstractHandlerMethodAdapter.java:86) ~[spring-webmvc-7.0.1.jar:7.0.1]
	at org.springframework.web.servlet.DispatcherServlet.doDispatch(DispatcherServlet.java:963) ~[spring-webmvc-7.0.1.jar:7.0.1]
	at org.springframework.web.servlet.DispatcherServlet.doService(DispatcherServlet.java:866) ~[spring-webmvc-7.0.1.jar:7.0.1]
	at org.springframework.web.servlet.FrameworkServlet.processRequest(FrameworkServlet.java:1003) ~[spring-webmvc-7.0.1.jar:7.0.1]
	at org.springframework.web.servlet.FrameworkServlet.doPut(FrameworkServlet.java:914) ~[spring-webmvc-7.0.1.jar:7.0.1]
	at jakarta.servlet.http.HttpServlet.service(HttpServlet.java:650) ~[tomcat-embed-core-11.0.14.jar:6.1]
	at org.springframework.web.servlet.FrameworkServlet.service(FrameworkServlet.java:874) ~[spring-webmvc-7.0.1.jar:7.0.1]
	at jakarta.servlet.http.HttpServlet.service(HttpServlet.java:710) ~[tomcat-embed-core-11.0.14.jar:6.1]
	at org.apache.catalina.core.ApplicationFilterChain.doFilter(ApplicationFilterChain.java:128) ~[tomcat-embed-core-11.0.14.jar:11.0.14]
	at org.apache.tomcat.websocket.server.WsFilter.doFilter(WsFilter.java:53) ~[tomcat-embed-websocket-11.0.14.jar:11.0.14]
	at org.apache.catalina.core.ApplicationFilterChain.doFilter(ApplicationFilterChain.java:107) ~[tomcat-embed-core-11.0.14.jar:11.0.14]
	at org.springframework.web.filter.RequestContextFilter.doFilterInternal(RequestContextFilter.java:100) ~[spring-web-7.0.1.jar:7.0.1]
	at org.springframework.web.filter.OncePerRequestFilter.doFilter(OncePerRequestFilter.java:116) ~[spring-web-7.0.1.jar:7.0.1]
	at org.apache.catalina.core.ApplicationFilterChain.doFilter(ApplicationFilterChain.java:107) ~[tomcat-embed-core-11.0.14.jar:11.0.14]
	at org.springframework.web.filter.FormContentFilter.doFilterInternal(FormContentFilter.java:93) ~[spring-web-7.0.1.jar:7.0.1]
	at org.springframework.web.filter.OncePerRequestFilter.doFilter(OncePerRequestFilter.java:116) ~[spring-web-7.0.1.jar:7.0.1]
	at org.apache.catalina.core.ApplicationFilterChain.doFilter(ApplicationFilterChain.java:107) ~[tomcat-embed-core-11.0.14.jar:11.0.14]
	at org.springframework.web.filter.CharacterEncodingFilter.doFilterInternal(CharacterEncodingFilter.java:199) ~[spring-web-7.0.1.jar:7.0.1]
	at org.springframework.web.filter.OncePerRequestFilter.doFilter(OncePerRequestFilter.java:116) ~[spring-web-7.0.1.jar:7.0.1]
	at org.apache.catalina.core.ApplicationFilterChain.doFilter(ApplicationFilterChain.java:107) ~[tomcat-embed-core-11.0.14.jar:11.0.14]
	at org.apache.catalina.core.StandardWrapperValve.invoke(StandardWrapperValve.java:165) ~[tomcat-embed-core-11.0.14.jar:11.0.14]
	at org.apache.catalina.core.StandardContextValve.invoke(StandardContextValve.java:77) ~[tomcat-embed-core-11.0.14.jar:11.0.14]
	at org.apache.catalina.authenticator.AuthenticatorBase.invoke(AuthenticatorBase.java:482) ~[tomcat-embed-core-11.0.14.jar:11.0.14]
	at org.apache.catalina.core.StandardHostValve.invoke(StandardHostValve.java:113) ~[tomcat-embed-core-11.0.14.jar:11.0.14]
	at org.apache.catalina.valves.ErrorReportValve.invoke(ErrorReportValve.java:83) ~[tomcat-embed-core-11.0.14.jar:11.0.14]
	at org.apache.catalina.core.StandardEngineValve.invoke(StandardEngineValve.java:72) ~[tomcat-embed-core-11.0.14.jar:11.0.14]
	at org.apache.catalina.connector.CoyoteAdapter.service(CoyoteAdapter.java:341) ~[tomcat-embed-core-11.0.14.jar:11.0.14]
	at org.apache.coyote.http11.Http11Processor.service(Http11Processor.java:397) ~[tomcat-embed-core-11.0.14.jar:11.0.14]
	at org.apache.coyote.AbstractProcessorLight.process(AbstractProcessorLight.java:63) ~[tomcat-embed-core-11.0.14.jar:11.0.14]
	at org.apache.coyote.AbstractProtocol$ConnectionHandler.process(AbstractProtocol.java:903) ~[tomcat-embed-core-11.0.14.jar:11.0.14]
	at org.apache.tomcat.util.net.NioEndpoint$SocketProcessor.doRun(NioEndpoint.java:1778) ~[tomcat-embed-core-11.0.14.jar:11.0.14]
	at org.apache.tomcat.util.net.SocketProcessorBase.run(SocketProcessorBase.java:52) ~[tomcat-embed-core-11.0.14.jar:11.0.14]
	at org.apache.tomcat.util.threads.ThreadPoolExecutor.runWorker(ThreadPoolExecutor.java:946) ~[tomcat-embed-core-11.0.14.jar:11.0.14]
	at org.apache.tomcat.util.threads.ThreadPoolExecutor$Worker.run(ThreadPoolExecutor.java:480) ~[tomcat-embed-core-11.0.14.jar:11.0.14]
	at org.apache.tomcat.util.threads.TaskThread$WrappingRunnable.run(TaskThread.java:57) ~[tomcat-embed-core-11.0.14.jar:11.0.14]
	at java.base/java.lang.Thread.run(Unknown Source) ~[na:na]

2025-12-14T18:48:16.314-03:00 ERROR 244 --- [apiproducts] [http-nio-8180-exec-3] o.a.c.c.C.[.[.[/].[dispatcherServlet]    : Servlet.service() for servlet [dispatcherServlet] in context with path [] threw exception [Request processing failed: org.springframework.dao.DataIntegrityViolationException: not-null property references a null or transient value for entity com.prodbackend.apiproducts.entity.Usuario.email] with root cause

org.hibernate.PropertyValueException: not-null property references a null or transient value for entity com.prodbackend.apiproducts.entity.Usuario.email
	at org.hibernate.engine.internal.Nullability.checkNullability(Nullability.java:120) ~[hibernate-core-7.1.8.Final.jar:7.1.8.Final]
	at org.hibernate.event.internal.DefaultFlushEntityEventListener.scheduleUpdate(DefaultFlushEntityEventListener.java:253) ~[hibernate-core-7.1.8.Final.jar:7.1.8.Final]
	at org.hibernate.event.internal.DefaultFlushEntityEventListener.onFlushEntity(DefaultFlushEntityEventListener.java:143) ~[hibernate-core-7.1.8.Final.jar:7.1.8.Final]
	at org.hibernate.event.service.internal.EventListenerGroupImpl.fireEventOnEachListener(EventListenerGroupImpl.java:140) ~[hibernate-core-7.1.8.Final.jar:7.1.8.Final]
	at org.hibernate.event.internal.AbstractFlushingEventListener.flushEntities(AbstractFlushingEventListener.java:235) ~[hibernate-core-7.1.8.Final.jar:7.1.8.Final]
	at org.hibernate.event.internal.AbstractFlushingEventListener.flushEverythingToExecutions(AbstractFlushingEventListener.java:75) ~[hibernate-core-7.1.8.Final.jar:7.1.8.Final]
	at org.hibernate.event.internal.AbstractFlushingEventListener.flushEverythingToExecutions(AbstractFlushingEventListener.java:69) ~[hibernate-core-7.1.8.Final.jar:7.1.8.Final]
	at org.hibernate.event.internal.DefaultFlushEventListener.onFlush(DefaultFlushEventListener.java:38) ~[hibernate-core-7.1.8.Final.jar:7.1.8.Final]
	at org.hibernate.event.service.internal.EventListenerGroupImpl.fireEventOnEachListener(EventListenerGroupImpl.java:140) ~[hibernate-core-7.1.8.Final.jar:7.1.8.Final]
	at org.hibernate.internal.SessionImpl.doFlush(SessionImpl.java:1447) ~[hibernate-core-7.1.8.Final.jar:7.1.8.Final]
	at org.hibernate.internal.SessionImpl.managedFlush(SessionImpl.java:488) ~[hibernate-core-7.1.8.Final.jar:7.1.8.Final]
	at org.hibernate.internal.SessionImpl.flushBeforeTransactionCompletion(SessionImpl.java:2325) ~[hibernate-core-7.1.8.Final.jar:7.1.8.Final]
	at org.hibernate.internal.SessionImpl.beforeTransactionCompletion(SessionImpl.java:2033) ~[hibernate-core-7.1.8.Final.jar:7.1.8.Final]
	at org.hibernate.engine.jdbc.internal.JdbcCoordinatorImpl.beforeTransactionCompletion(JdbcCoordinatorImpl.java:394) ~[hibernate-core-7.1.8.Final.jar:7.1.8.Final]
	at org.hibernate.resource.transaction.backend.jdbc.internal.JdbcResourceLocalTransactionCoordinatorImpl.beforeCompletionCallback(JdbcResourceLocalTransactionCoordinatorImpl.java:167) ~[hibernate-core-7.1.8.Final.jar:7.1.8.Final]
	at org.hibernate.resource.transaction.backend.jdbc.internal.JdbcResourceLocalTransactionCoordinatorImpl$TransactionDriverControlImpl.commitNoRollbackOnly(JdbcResourceLocalTransactionCoordinatorImpl.java:249) ~[hibernate-core-7.1.8.Final.jar:7.1.8.Final]
	at org.hibernate.resource.transaction.backend.jdbc.internal.JdbcResourceLocalTransactionCoordinatorImpl$TransactionDriverControlImpl.commit(JdbcResourceLocalTransactionCoordinatorImpl.java:243) ~[hibernate-core-7.1.8.Final.jar:7.1.8.Final]
	at org.hibernate.engine.transaction.internal.TransactionImpl.commit(TransactionImpl.java:90) ~[hibernate-core-7.1.8.Final.jar:7.1.8.Final]
	at org.springframework.orm.jpa.JpaTransactionManager.doCommit(JpaTransactionManager.java:553) ~[spring-orm-7.0.1.jar:7.0.1]
	at org.springframework.transaction.support.AbstractPlatformTransactionManager.processCommit(AbstractPlatformTransactionManager.java:794) ~[spring-tx-7.0.1.jar:7.0.1]
	at org.springframework.transaction.support.AbstractPlatformTransactionManager.commit(AbstractPlatformTransactionManager.java:757) ~[spring-tx-7.0.1.jar:7.0.1]
	at org.springframework.transaction.interceptor.TransactionAspectSupport.commitTransactionAfterReturning(TransactionAspectSupport.java:684) ~[spring-tx-7.0.1.jar:7.0.1]
	at org.springframework.transaction.interceptor.TransactionAspectSupport.invokeWithinTransaction(TransactionAspectSupport.java:406) ~[spring-tx-7.0.1.jar:7.0.1]
	at org.springframework.transaction.interceptor.TransactionInterceptor.invoke(TransactionInterceptor.java:118) ~[spring-tx-7.0.1.jar:7.0.1]
	at org.springframework.aop.framework.ReflectiveMethodInvocation.proceed(ReflectiveMethodInvocation.java:179) ~[spring-aop-7.0.1.jar:7.0.1]
	at org.springframework.dao.support.PersistenceExceptionTranslationInterceptor.invoke(PersistenceExceptionTranslationInterceptor.java:135) ~[spring-tx-7.0.1.jar:7.0.1]
	at org.springframework.aop.framework.ReflectiveMethodInvocation.proceed(ReflectiveMethodInvocation.java:179) ~[spring-aop-7.0.1.jar:7.0.1]
	at org.springframework.data.jpa.repository.support.CrudMethodMetadataPostProcessor$CrudMethodMetadataPopulatingMethodInterceptor.invoke(CrudMethodMetadataPostProcessor.java:166) ~[spring-data-jpa-4.0.0.jar:4.0.0]
	at org.springframework.aop.framework.ReflectiveMethodInvocation.proceed(ReflectiveMethodInvocation.java:179) ~[spring-aop-7.0.1.jar:7.0.1]
	at org.springframework.aop.framework.JdkDynamicAopProxy.invoke(JdkDynamicAopProxy.java:222) ~[spring-aop-7.0.1.jar:7.0.1]
	at jdk.proxy2/jdk.proxy2.$Proxy141.save(Unknown Source) ~[na:na]
	at com.prodbackend.apiproducts.service.UsuarioService.actualizarUsuario(UsuarioService.java:44) ~[classes/:na]
	at com.prodbackend.apiproducts.controller.UsuarioController.actualizarUsuario(UsuarioController.java:64) ~[classes/:na]
	at java.base/jdk.internal.reflect.DirectMethodHandleAccessor.invoke(Unknown Source) ~[na:na]
	at java.base/java.lang.reflect.Method.invoke(Unknown Source) ~[na:na]
	at org.springframework.web.method.support.InvocableHandlerMethod.doInvoke(InvocableHandlerMethod.java:258) ~[spring-web-7.0.1.jar:7.0.1]
	at org.springframework.web.method.support.InvocableHandlerMethod.invokeForRequest(InvocableHandlerMethod.java:190) ~[spring-web-7.0.1.jar:7.0.1]
	at org.springframework.web.servlet.mvc.method.annotation.ServletInvocableHandlerMethod.invokeAndHandle(ServletInvocableHandlerMethod.java:117) ~[spring-webmvc-7.0.1.jar:7.0.1]
	at org.springframework.web.servlet.mvc.method.annotation.RequestMappingHandlerAdapter.invokeHandlerMethod(RequestMappingHandlerAdapter.java:934) ~[spring-webmvc-7.0.1.jar:7.0.1]
	at org.springframework.web.servlet.mvc.method.annotation.RequestMappingHandlerAdapter.handleInternal(RequestMappingHandlerAdapter.java:853) ~[spring-webmvc-7.0.1.jar:7.0.1]
	at org.springframework.web.servlet.mvc.method.AbstractHandlerMethodAdapter.handle(AbstractHandlerMethodAdapter.java:86) ~[spring-webmvc-7.0.1.jar:7.0.1]
	at org.springframework.web.servlet.DispatcherServlet.doDispatch(DispatcherServlet.java:963) ~[spring-webmvc-7.0.1.jar:7.0.1]
	at org.springframework.web.servlet.DispatcherServlet.doService(DispatcherServlet.java:866) ~[spring-webmvc-7.0.1.jar:7.0.1]
	at org.springframework.web.servlet.FrameworkServlet.processRequest(FrameworkServlet.java:1003) ~[spring-webmvc-7.0.1.jar:7.0.1]
	at org.springframework.web.servlet.FrameworkServlet.doPut(FrameworkServlet.java:914) ~[spring-webmvc-7.0.1.jar:7.0.1]
	at jakarta.servlet.http.HttpServlet.service(HttpServlet.java:650) ~[tomcat-embed-core-11.0.14.jar:6.1]
	at org.springframework.web.servlet.FrameworkServlet.service(FrameworkServlet.java:874) ~[spring-webmvc-7.0.1.jar:7.0.1]
	at jakarta.servlet.http.HttpServlet.service(HttpServlet.java:710) ~[tomcat-embed-core-11.0.14.jar:6.1]
	at org.apache.catalina.core.ApplicationFilterChain.doFilter(ApplicationFilterChain.java:128) ~[tomcat-embed-core-11.0.14.jar:11.0.14]
	at org.apache.tomcat.websocket.server.WsFilter.doFilter(WsFilter.java:53) ~[tomcat-embed-websocket-11.0.14.jar:11.0.14]
	at org.apache.catalina.core.ApplicationFilterChain.doFilter(ApplicationFilterChain.java:107) ~[tomcat-embed-core-11.0.14.jar:11.0.14]
	at org.springframework.web.filter.RequestContextFilter.doFilterInternal(RequestContextFilter.java:100) ~[spring-web-7.0.1.jar:7.0.1]
	at org.springframework.web.filter.OncePerRequestFilter.doFilter(OncePerRequestFilter.java:116) ~[spring-web-7.0.1.jar:7.0.1]
	at org.apache.catalina.core.ApplicationFilterChain.doFilter(ApplicationFilterChain.java:107) ~[tomcat-embed-core-11.0.14.jar:11.0.14]
	at org.springframework.web.filter.FormContentFilter.doFilterInternal(FormContentFilter.java:93) ~[spring-web-7.0.1.jar:7.0.1]
	at org.springframework.web.filter.OncePerRequestFilter.doFilter(OncePerRequestFilter.java:116) ~[spring-web-7.0.1.jar:7.0.1]
	at org.apache.catalina.core.ApplicationFilterChain.doFilter(ApplicationFilterChain.java:107) ~[tomcat-embed-core-11.0.14.jar:11.0.14]
	at org.springframework.web.filter.CharacterEncodingFilter.doFilterInternal(CharacterEncodingFilter.java:199) ~[spring-web-7.0.1.jar:7.0.1]
	at org.springframework.web.filter.OncePerRequestFilter.doFilter(OncePerRequestFilter.java:116) ~[spring-web-7.0.1.jar:7.0.1]
	at org.apache.catalina.core.ApplicationFilterChain.doFilter(ApplicationFilterChain.java:107) ~[tomcat-embed-core-11.0.14.jar:11.0.14]
	at org.apache.catalina.core.StandardWrapperValve.invoke(StandardWrapperValve.java:165) ~[tomcat-embed-core-11.0.14.jar:11.0.14]
	at org.apache.catalina.core.StandardContextValve.invoke(StandardContextValve.java:77) ~[tomcat-embed-core-11.0.14.jar:11.0.14]
	at org.apache.catalina.authenticator.AuthenticatorBase.invoke(AuthenticatorBase.java:482) ~[tomcat-embed-core-11.0.14.jar:11.0.14]
	at org.apache.catalina.core.StandardHostValve.invoke(StandardHostValve.java:113) ~[tomcat-embed-core-11.0.14.jar:11.0.14]
	at org.apache.catalina.valves.ErrorReportValve.invoke(ErrorReportValve.java:83) ~[tomcat-embed-core-11.0.14.jar:11.0.14]
	at org.apache.catalina.core.StandardEngineValve.invoke(StandardEngineValve.java:72) ~[tomcat-embed-core-11.0.14.jar:11.0.14]
	at org.apache.catalina.connector.CoyoteAdapter.service(CoyoteAdapter.java:341) ~[tomcat-embed-core-11.0.14.jar:11.0.14]
	at org.apache.coyote.http11.Http11Processor.service(Http11Processor.java:397) ~[tomcat-embed-core-11.0.14.jar:11.0.14]
	at org.apache.coyote.AbstractProcessorLight.process(AbstractProcessorLight.java:63) ~[tomcat-embed-core-11.0.14.jar:11.0.14]
	at org.apache.coyote.AbstractProtocol$ConnectionHandler.process(AbstractProtocol.java:903) ~[tomcat-embed-core-11.0.14.jar:11.0.14]
	at org.apache.tomcat.util.net.NioEndpoint$SocketProcessor.doRun(NioEndpoint.java:1778) ~[tomcat-embed-core-11.0.14.jar:11.0.14]
	at org.apache.tomcat.util.net.SocketProcessorBase.run(SocketProcessorBase.java:52) ~[tomcat-embed-core-11.0.14.jar:11.0.14]
	at org.apache.tomcat.util.threads.ThreadPoolExecutor.runWorker(ThreadPoolExecutor.java:946) ~[tomcat-embed-core-11.0.14.jar:11.0.14]
	at org.apache.tomcat.util.threads.ThreadPoolExecutor$Worker.run(ThreadPoolExecutor.java:480) ~[tomcat-embed-core-11.0.14.jar:11.0.14]
	at org.apache.tomcat.util.threads.TaskThread$WrappingRunnable.run(TaskThread.java:57) ~[tomcat-embed-core-11.0.14.jar:11.0.14]
	at java.base/java.lang.Thread.run(Unknown Source) ~[na:na]

2025-12-14T18:49:45.435-03:00 ERROR 244 --- [apiproducts] [http-nio-8180-exec-10] o.a.c.c.C.[.[.[/].[dispatcherServlet]    : Servlet.service() for servlet [dispatcherServlet] in context with path [] threw exception [Request processing failed: org.springframework.dao.DataIntegrityViolationException: not-null property references a null or transient value for entity com.prodbackend.apiproducts.entity.Usuario.email] with root cause

org.hibernate.PropertyValueException: not-null property references a null or transient value for entity com.prodbackend.apiproducts.entity.Usuario.email
	at org.hibernate.engine.internal.Nullability.checkNullability(Nullability.java:120) ~[hibernate-core-7.1.8.Final.jar:7.1.8.Final]
	at org.hibernate.event.internal.DefaultFlushEntityEventListener.scheduleUpdate(DefaultFlushEntityEventListener.java:253) ~[hibernate-core-7.1.8.Final.jar:7.1.8.Final]
	at org.hibernate.event.internal.DefaultFlushEntityEventListener.onFlushEntity(DefaultFlushEntityEventListener.java:143) ~[hibernate-core-7.1.8.Final.jar:7.1.8.Final]
	at org.hibernate.event.service.internal.EventListenerGroupImpl.fireEventOnEachListener(EventListenerGroupImpl.java:140) ~[hibernate-core-7.1.8.Final.jar:7.1.8.Final]
	at org.hibernate.event.internal.AbstractFlushingEventListener.flushEntities(AbstractFlushingEventListener.java:235) ~[hibernate-core-7.1.8.Final.jar:7.1.8.Final]
	at org.hibernate.event.internal.AbstractFlushingEventListener.flushEverythingToExecutions(AbstractFlushingEventListener.java:75) ~[hibernate-core-7.1.8.Final.jar:7.1.8.Final]
	at org.hibernate.event.internal.AbstractFlushingEventListener.flushEverythingToExecutions(AbstractFlushingEventListener.java:69) ~[hibernate-core-7.1.8.Final.jar:7.1.8.Final]
	at org.hibernate.event.internal.DefaultFlushEventListener.onFlush(DefaultFlushEventListener.java:38) ~[hibernate-core-7.1.8.Final.jar:7.1.8.Final]
	at org.hibernate.event.service.internal.EventListenerGroupImpl.fireEventOnEachListener(EventListenerGroupImpl.java:140) ~[hibernate-core-7.1.8.Final.jar:7.1.8.Final]
	at org.hibernate.internal.SessionImpl.doFlush(SessionImpl.java:1447) ~[hibernate-core-7.1.8.Final.jar:7.1.8.Final]
	at org.hibernate.internal.SessionImpl.managedFlush(SessionImpl.java:488) ~[hibernate-core-7.1.8.Final.jar:7.1.8.Final]
	at org.hibernate.internal.SessionImpl.flushBeforeTransactionCompletion(SessionImpl.java:2325) ~[hibernate-core-7.1.8.Final.jar:7.1.8.Final]
	at org.hibernate.internal.SessionImpl.beforeTransactionCompletion(SessionImpl.java:2033) ~[hibernate-core-7.1.8.Final.jar:7.1.8.Final]
	at org.hibernate.engine.jdbc.internal.JdbcCoordinatorImpl.beforeTransactionCompletion(JdbcCoordinatorImpl.java:394) ~[hibernate-core-7.1.8.Final.jar:7.1.8.Final]
	at org.hibernate.resource.transaction.backend.jdbc.internal.JdbcResourceLocalTransactionCoordinatorImpl.beforeCompletionCallback(JdbcResourceLocalTransactionCoordinatorImpl.java:167) ~[hibernate-core-7.1.8.Final.jar:7.1.8.Final]
	at org.hibernate.resource.transaction.backend.jdbc.internal.JdbcResourceLocalTransactionCoordinatorImpl$TransactionDriverControlImpl.commitNoRollbackOnly(JdbcResourceLocalTransactionCoordinatorImpl.java:249) ~[hibernate-core-7.1.8.Final.jar:7.1.8.Final]
	at org.hibernate.resource.transaction.backend.jdbc.internal.JdbcResourceLocalTransactionCoordinatorImpl$TransactionDriverControlImpl.commit(JdbcResourceLocalTransactionCoordinatorImpl.java:243) ~[hibernate-core-7.1.8.Final.jar:7.1.8.Final]
	at org.hibernate.engine.transaction.internal.TransactionImpl.commit(TransactionImpl.java:90) ~[hibernate-core-7.1.8.Final.jar:7.1.8.Final]
	at org.springframework.orm.jpa.JpaTransactionManager.doCommit(JpaTransactionManager.java:553) ~[spring-orm-7.0.1.jar:7.0.1]
	at org.springframework.transaction.support.AbstractPlatformTransactionManager.processCommit(AbstractPlatformTransactionManager.java:794) ~[spring-tx-7.0.1.jar:7.0.1]
	at org.springframework.transaction.support.AbstractPlatformTransactionManager.commit(AbstractPlatformTransactionManager.java:757) ~[spring-tx-7.0.1.jar:7.0.1]
	at org.springframework.transaction.interceptor.TransactionAspectSupport.commitTransactionAfterReturning(TransactionAspectSupport.java:684) ~[spring-tx-7.0.1.jar:7.0.1]
	at org.springframework.transaction.interceptor.TransactionAspectSupport.invokeWithinTransaction(TransactionAspectSupport.java:406) ~[spring-tx-7.0.1.jar:7.0.1]
	at org.springframework.transaction.interceptor.TransactionInterceptor.invoke(TransactionInterceptor.java:118) ~[spring-tx-7.0.1.jar:7.0.1]
	at org.springframework.aop.framework.ReflectiveMethodInvocation.proceed(ReflectiveMethodInvocation.java:179) ~[spring-aop-7.0.1.jar:7.0.1]
	at org.springframework.dao.support.PersistenceExceptionTranslationInterceptor.invoke(PersistenceExceptionTranslationInterceptor.java:135) ~[spring-tx-7.0.1.jar:7.0.1]
	at org.springframework.aop.framework.ReflectiveMethodInvocation.proceed(ReflectiveMethodInvocation.java:179) ~[spring-aop-7.0.1.jar:7.0.1]
	at org.springframework.data.jpa.repository.support.CrudMethodMetadataPostProcessor$CrudMethodMetadataPopulatingMethodInterceptor.invoke(CrudMethodMetadataPostProcessor.java:166) ~[spring-data-jpa-4.0.0.jar:4.0.0]
	at org.springframework.aop.framework.ReflectiveMethodInvocation.proceed(ReflectiveMethodInvocation.java:179) ~[spring-aop-7.0.1.jar:7.0.1]
	at org.springframework.aop.framework.JdkDynamicAopProxy.invoke(JdkDynamicAopProxy.java:222) ~[spring-aop-7.0.1.jar:7.0.1]
	at jdk.proxy2/jdk.proxy2.$Proxy141.save(Unknown Source) ~[na:na]
	at com.prodbackend.apiproducts.service.UsuarioService.actualizarUsuario(UsuarioService.java:44) ~[classes/:na]
	at com.prodbackend.apiproducts.controller.UsuarioController.actualizarUsuario(UsuarioController.java:64) ~[classes/:na]
	at java.base/jdk.internal.reflect.DirectMethodHandleAccessor.invoke(Unknown Source) ~[na:na]
	at java.base/java.lang.reflect.Method.invoke(Unknown Source) ~[na:na]
	at org.springframework.web.method.support.InvocableHandlerMethod.doInvoke(InvocableHandlerMethod.java:258) ~[spring-web-7.0.1.jar:7.0.1]
	at org.springframework.web.method.support.InvocableHandlerMethod.invokeForRequest(InvocableHandlerMethod.java:190) ~[spring-web-7.0.1.jar:7.0.1]
	at org.springframework.web.servlet.mvc.method.annotation.ServletInvocableHandlerMethod.invokeAndHandle(ServletInvocableHandlerMethod.java:117) ~[spring-webmvc-7.0.1.jar:7.0.1]
	at org.springframework.web.servlet.mvc.method.annotation.RequestMappingHandlerAdapter.invokeHandlerMethod(RequestMappingHandlerAdapter.java:934) ~[spring-webmvc-7.0.1.jar:7.0.1]
	at org.springframework.web.servlet.mvc.method.annotation.RequestMappingHandlerAdapter.handleInternal(RequestMappingHandlerAdapter.java:853) ~[spring-webmvc-7.0.1.jar:7.0.1]
	at org.springframework.web.servlet.mvc.method.AbstractHandlerMethodAdapter.handle(AbstractHandlerMethodAdapter.java:86) ~[spring-webmvc-7.0.1.jar:7.0.1]
	at org.springframework.web.servlet.DispatcherServlet.doDispatch(DispatcherServlet.java:963) ~[spring-webmvc-7.0.1.jar:7.0.1]
	at org.springframework.web.servlet.DispatcherServlet.doService(DispatcherServlet.java:866) ~[spring-webmvc-7.0.1.jar:7.0.1]
	at org.springframework.web.servlet.FrameworkServlet.processRequest(FrameworkServlet.java:1003) ~[spring-webmvc-7.0.1.jar:7.0.1]
	at org.springframework.web.servlet.FrameworkServlet.doPut(FrameworkServlet.java:914) ~[spring-webmvc-7.0.1.jar:7.0.1]
	at jakarta.servlet.http.HttpServlet.service(HttpServlet.java:650) ~[tomcat-embed-core-11.0.14.jar:6.1]
	at org.springframework.web.servlet.FrameworkServlet.service(FrameworkServlet.java:874) ~[spring-webmvc-7.0.1.jar:7.0.1]
	at jakarta.servlet.http.HttpServlet.service(HttpServlet.java:710) ~[tomcat-embed-core-11.0.14.jar:6.1]
	at org.apache.catalina.core.ApplicationFilterChain.doFilter(ApplicationFilterChain.java:128) ~[tomcat-embed-core-11.0.14.jar:11.0.14]
	at org.apache.tomcat.websocket.server.WsFilter.doFilter(WsFilter.java:53) ~[tomcat-embed-websocket-11.0.14.jar:11.0.14]
	at org.apache.catalina.core.ApplicationFilterChain.doFilter(ApplicationFilterChain.java:107) ~[tomcat-embed-core-11.0.14.jar:11.0.14]
	at org.springframework.web.filter.RequestContextFilter.doFilterInternal(RequestContextFilter.java:100) ~[spring-web-7.0.1.jar:7.0.1]
	at org.springframework.web.filter.OncePerRequestFilter.doFilter(OncePerRequestFilter.java:116) ~[spring-web-7.0.1.jar:7.0.1]
	at org.apache.catalina.core.ApplicationFilterChain.doFilter(ApplicationFilterChain.java:107) ~[tomcat-embed-core-11.0.14.jar:11.0.14]
	at org.springframework.web.filter.FormContentFilter.doFilterInternal(FormContentFilter.java:93) ~[spring-web-7.0.1.jar:7.0.1]
	at org.springframework.web.filter.OncePerRequestFilter.doFilter(OncePerRequestFilter.java:116) ~[spring-web-7.0.1.jar:7.0.1]
	at org.apache.catalina.core.ApplicationFilterChain.doFilter(ApplicationFilterChain.java:107) ~[tomcat-embed-core-11.0.14.jar:11.0.14]
	at org.springframework.web.filter.CharacterEncodingFilter.doFilterInternal(CharacterEncodingFilter.java:199) ~[spring-web-7.0.1.jar:7.0.1]
	at org.springframework.web.filter.OncePerRequestFilter.doFilter(OncePerRequestFilter.java:116) ~[spring-web-7.0.1.jar:7.0.1]
	at org.apache.catalina.core.ApplicationFilterChain.doFilter(ApplicationFilterChain.java:107) ~[tomcat-embed-core-11.0.14.jar:11.0.14]
	at org.apache.catalina.core.StandardWrapperValve.invoke(StandardWrapperValve.java:165) ~[tomcat-embed-core-11.0.14.jar:11.0.14]
	at org.apache.catalina.core.StandardContextValve.invoke(StandardContextValve.java:77) ~[tomcat-embed-core-11.0.14.jar:11.0.14]
	at org.apache.catalina.authenticator.AuthenticatorBase.invoke(AuthenticatorBase.java:482) ~[tomcat-embed-core-11.0.14.jar:11.0.14]
	at org.apache.catalina.core.StandardHostValve.invoke(StandardHostValve.java:113) ~[tomcat-embed-core-11.0.14.jar:11.0.14]
	at org.apache.catalina.valves.ErrorReportValve.invoke(ErrorReportValve.java:83) ~[tomcat-embed-core-11.0.14.jar:11.0.14]
	at org.apache.catalina.core.StandardEngineValve.invoke(StandardEngineValve.java:72) ~[tomcat-embed-core-11.0.14.jar:11.0.14]
	at org.apache.catalina.connector.CoyoteAdapter.service(CoyoteAdapter.java:341) ~[tomcat-embed-core-11.0.14.jar:11.0.14]
	at org.apache.coyote.http11.Http11Processor.service(Http11Processor.java:397) ~[tomcat-embed-core-11.0.14.jar:11.0.14]
	at org.apache.coyote.AbstractProcessorLight.process(AbstractProcessorLight.java:63) ~[tomcat-embed-core-11.0.14.jar:11.0.14]
	at org.apache.coyote.AbstractProtocol$ConnectionHandler.process(AbstractProtocol.java:903) ~[tomcat-embed-core-11.0.14.jar:11.0.14]
	at org.apache.tomcat.util.net.NioEndpoint$SocketProcessor.doRun(NioEndpoint.java:1778) ~[tomcat-embed-core-11.0.14.jar:11.0.14]
	at org.apache.tomcat.util.net.SocketProcessorBase.run(SocketProcessorBase.java:52) ~[tomcat-embed-core-11.0.14.jar:11.0.14]
	at org.apache.tomcat.util.threads.ThreadPoolExecutor.runWorker(ThreadPoolExecutor.java:946) ~[tomcat-embed-core-11.0.14.jar:11.0.14]
	at org.apache.tomcat.util.threads.ThreadPoolExecutor$Worker.run(ThreadPoolExecutor.java:480) ~[tomcat-embed-core-11.0.14.jar:11.0.14]
	at org.apache.tomcat.util.threads.TaskThread$WrappingRunnable.run(TaskThread.java:57) ~[tomcat-embed-core-11.0.14.jar:11.0.14]
	at java.base/java.lang.Thread.run(Unknown Source) ~[na:na]

2025-12-14T18:57:49.370-03:00  INFO 17828 --- [apiproducts] [main] c.p.apiproducts.ApiproductsApplication   : Starting ApiproductsApplication using Java 21.0.9 with PID 17828 (C:\Users\PC GAMER\Downloads\pasteleriaBacken_Frontend-javabkd\target\classes started by PC GAMER in C:\Users\PC GAMER\Downloads\pasteleriaBacken_Frontend-javabkd)
2025-12-14T18:57:49.373-03:00  INFO 17828 --- [apiproducts] [main] c.p.apiproducts.ApiproductsApplication   : No active profile set, falling back to 1 default profile: "default"
2025-12-14T18:57:50.005-03:00  INFO 17828 --- [apiproducts] [main] .s.d.r.c.RepositoryConfigurationDelegate : Bootstrapping Spring Data JPA repositories in DEFAULT mode.
2025-12-14T18:57:50.056-03:00  INFO 17828 --- [apiproducts] [main] .s.d.r.c.RepositoryConfigurationDelegate : Finished Spring Data repository scanning in 44 ms. Found 3 JPA repository interfaces.
2025-12-14T18:57:50.466-03:00  INFO 17828 --- [apiproducts] [main] o.s.boot.tomcat.TomcatWebServer          : Tomcat initialized with port 8180 (http)
2025-12-14T18:57:50.478-03:00  INFO 17828 --- [apiproducts] [main] o.apache.catalina.core.StandardService   : Starting service [Tomcat]
2025-12-14T18:57:50.478-03:00  INFO 17828 --- [apiproducts] [main] o.apache.catalina.core.StandardEngine    : Starting Servlet engine: [Apache Tomcat/11.0.14]
2025-12-14T18:57:50.547-03:00  INFO 17828 --- [apiproducts] [main] b.w.c.s.WebApplicationContextInitializer : Root WebApplicationContext: initialization completed in 1136 ms
2025-12-14T18:57:50.706-03:00  INFO 17828 --- [apiproducts] [main] o.hibernate.jpa.internal.util.LogHelper  : HHH000204: Processing PersistenceUnitInfo [name: default]
2025-12-14T18:57:50.750-03:00  INFO 17828 --- [apiproducts] [main] org.hibernate.Version                    : HHH000412: Hibernate ORM core version 7.1.8.Final
2025-12-14T18:57:51.127-03:00  INFO 17828 --- [apiproducts] [main] o.s.o.j.p.SpringPersistenceUnitInfo      : No LoadTimeWeaver setup: ignoring JPA class transformer
2025-12-14T18:57:51.154-03:00  INFO 17828 --- [apiproducts] [main] com.zaxxer.hikari.HikariDataSource       : HikariPool-1 - Starting...
2025-12-14T18:57:51.416-03:00  INFO 17828 --- [apiproducts] [main] com.zaxxer.hikari.pool.HikariPool        : HikariPool-1 - Added connection com.mysql.cj.jdbc.ConnectionImpl@924f3f1
2025-12-14T18:57:51.418-03:00  INFO 17828 --- [apiproducts] [main] com.zaxxer.hikari.HikariDataSource       : HikariPool-1 - Start completed.
2025-12-14T18:57:51.477-03:00  INFO 17828 --- [apiproducts] [main] org.hibernate.orm.connections.pooling    : HHH10001005: Database info:
	Database JDBC URL [jdbc:mysql://localhost:3306/productosbackend]
	Database driver: MySQL Connector/J
	Database dialect: MySQLDialect
	Database version: 8.2
	Default catalog/schema: productosbackend/undefined
	Autocommit mode: undefined/unknown
	Isolation level: REPEATABLE_READ [default REPEATABLE_READ]
	JDBC fetch size: none
	Pool: DatasourceConnectionProviderImpl
	Minimum pool size: undefined/unknown
	Maximum pool size: undefined/unknown
2025-12-14T18:57:52.148-03:00  INFO 17828 --- [apiproducts] [main] o.h.e.t.j.p.i.JtaPlatformInitiator       : HHH000489: No JTA platform available (set 'hibernate.transaction.jta.platform' to enable JTA platform integration)
2025-12-14T18:57:52.217-03:00  INFO 17828 --- [apiproducts] [main] j.LocalContainerEntityManagerFactoryBean : Initialized JPA EntityManagerFactory for persistence unit 'default'
2025-12-14T18:57:52.281-03:00  INFO 17828 --- [apiproducts] [main] o.s.d.j.r.query.QueryEnhancerFactories   : Hibernate is in classpath; If applicable, HQL parser will be used.
2025-12-14T18:57:52.892-03:00  WARN 17828 --- [apiproducts] [main] JpaBaseConfiguration$JpaWebConfiguration : spring.jpa.open-in-view is enabled by default. Therefore, database queries may be performed during view rendering. Explicitly configure spring.jpa.open-in-view to disable this warning
2025-12-14T18:57:52.933-03:00  INFO 17828 --- [apiproducts] [main] o.s.v.b.OptionalValidatorFactoryBean     : Failed to set up a Bean Validation provider: jakarta.validation.NoProviderFoundException: Unable to create a Configuration, because no Jakarta Validation provider could be found. Add a provider like Hibernate Validator (RI) to your classpath.
2025-12-14T18:57:53.225-03:00  INFO 17828 --- [apiproducts] [main] o.s.boot.tomcat.TomcatWebServer          : Tomcat started on port 8180 (http) with context path '/'
2025-12-14T18:57:53.230-03:00  INFO 17828 --- [apiproducts] [main] c.p.apiproducts.ApiproductsApplication   : Started ApiproductsApplication in 4.229 seconds (process running for 4.564)
2025-12-14T18:58:11.229-03:00  INFO 17828 --- [apiproducts] [http-nio-8180-exec-2] o.a.c.c.C.[Tomcat].[localhost].[/]       : Initializing Spring DispatcherServlet 'dispatcherServlet'
2025-12-14T18:58:11.229-03:00  INFO 17828 --- [apiproducts] [http-nio-8180-exec-2] o.s.web.servlet.DispatcherServlet        : Initializing Servlet 'dispatcherServlet'
2025-12-14T18:58:11.230-03:00  INFO 17828 --- [apiproducts] [http-nio-8180-exec-2] o.s.web.servlet.DispatcherServlet        : Completed initialization in 1 ms
2025-12-14T19:00:20.461-03:00  INFO 11584 --- [apiproducts] [main] c.p.apiproducts.ApiproductsApplication   : Starting ApiproductsApplication using Java 21.0.9 with PID 11584 (C:\Users\PC GAMER\Downloads\pasteleriaBacken_Frontend-javabkd\target\classes started by PC GAMER in C:\Users\PC GAMER\Downloads\pasteleriaBacken_Frontend-javabkd)
2025-12-14T19:00:20.464-03:00  INFO 11584 --- [apiproducts] [main] c.p.apiproducts.ApiproductsApplication   : No active profile set, falling back to 1 default profile: "default"
2025-12-14T19:00:21.096-03:00  INFO 11584 --- [apiproducts] [main] .s.d.r.c.RepositoryConfigurationDelegate : Bootstrapping Spring Data JPA repositories in DEFAULT mode.
2025-12-14T19:00:21.154-03:00  INFO 11584 --- [apiproducts] [main] .s.d.r.c.RepositoryConfigurationDelegate : Finished Spring Data repository scanning in 49 ms. Found 3 JPA repository interfaces.
2025-12-14T19:00:21.555-03:00  INFO 11584 --- [apiproducts] [main] o.s.boot.tomcat.TomcatWebServer          : Tomcat initialized with port 8180 (http)
2025-12-14T19:00:21.568-03:00  INFO 11584 --- [apiproducts] [main] o.apache.catalina.core.StandardService   : Starting service [Tomcat]
2025-12-14T19:00:21.568-03:00  INFO 11584 --- [apiproducts] [main] o.apache.catalina.core.StandardEngine    : Starting Servlet engine: [Apache Tomcat/11.0.14]
2025-12-14T19:00:21.637-03:00  INFO 11584 --- [apiproducts] [main] b.w.c.s.WebApplicationContextInitializer : Root WebApplicationContext: initialization completed in 1137 ms
2025-12-14T19:00:21.783-03:00  INFO 11584 --- [apiproducts] [main] o.hibernate.jpa.internal.util.LogHelper  : HHH000204: Processing PersistenceUnitInfo [name: default]
2025-12-14T19:00:21.824-03:00  INFO 11584 --- [apiproducts] [main] org.hibernate.Version                    : HHH000412: Hibernate ORM core version 7.1.8.Final
2025-12-14T19:00:22.243-03:00  INFO 11584 --- [apiproducts] [main] o.s.o.j.p.SpringPersistenceUnitInfo      : No LoadTimeWeaver setup: ignoring JPA class transformer
2025-12-14T19:00:22.270-03:00  INFO 11584 --- [apiproducts] [main] com.zaxxer.hikari.HikariDataSource       : HikariPool-1 - Starting...
2025-12-14T19:00:22.534-03:00  INFO 11584 --- [apiproducts] [main] com.zaxxer.hikari.pool.HikariPool        : HikariPool-1 - Added connection com.mysql.cj.jdbc.ConnectionImpl@627d35ff
2025-12-14T19:00:22.536-03:00  INFO 11584 --- [apiproducts] [main] com.zaxxer.hikari.HikariDataSource       : HikariPool-1 - Start completed.
2025-12-14T19:00:22.601-03:00  INFO 11584 --- [apiproducts] [main] org.hibernate.orm.connections.pooling    : HHH10001005: Database info:
	Database JDBC URL [jdbc:mysql://localhost:3306/productosbackend]
	Database driver: MySQL Connector/J
	Database dialect: MySQLDialect
	Database version: 8.2
	Default catalog/schema: productosbackend/undefined
	Autocommit mode: undefined/unknown
	Isolation level: REPEATABLE_READ [default REPEATABLE_READ]
	JDBC fetch size: none
	Pool: DatasourceConnectionProviderImpl
	Minimum pool size: undefined/unknown
	Maximum pool size: undefined/unknown
2025-12-14T19:00:23.288-03:00  INFO 11584 --- [apiproducts] [main] o.h.e.t.j.p.i.JtaPlatformInitiator       : HHH000489: No JTA platform available (set 'hibernate.transaction.jta.platform' to enable JTA platform integration)
2025-12-14T19:00:23.370-03:00  INFO 11584 --- [apiproducts] [main] j.LocalContainerEntityManagerFactoryBean : Initialized JPA EntityManagerFactory for persistence unit 'default'
2025-12-14T19:00:23.434-03:00  INFO 11584 --- [apiproducts] [main] o.s.d.j.r.query.QueryEnhancerFactories   : Hibernate is in classpath; If applicable, HQL parser will be used.
2025-12-14T19:00:24.058-03:00  WARN 11584 --- [apiproducts] [main] JpaBaseConfiguration$JpaWebConfiguration : spring.jpa.open-in-view is enabled by default. Therefore, database queries may be performed during view rendering. Explicitly configure spring.jpa.open-in-view to disable this warning
2025-12-14T19:00:24.098-03:00  INFO 11584 --- [apiproducts] [main] o.s.v.b.OptionalValidatorFactoryBean     : Failed to set up a Bean Validation provider: jakarta.validation.NoProviderFoundException: Unable to create a Configuration, because no Jakarta Validation provider could be found. Add a provider like Hibernate Validator (RI) to your classpath.
2025-12-14T19:00:24.408-03:00  INFO 11584 --- [apiproducts] [main] o.s.boot.tomcat.TomcatWebServer          : Tomcat started on port 8180 (http) with context path '/'
2025-12-14T19:00:24.414-03:00  INFO 11584 --- [apiproducts] [main] c.p.apiproducts.ApiproductsApplication   : Started ApiproductsApplication in 4.325 seconds (process running for 4.645)
2025-12-14T19:00:30.297-03:00  INFO 11584 --- [apiproducts] [http-nio-8180-exec-2] o.a.c.c.C.[Tomcat].[localhost].[/]       : Initializing Spring DispatcherServlet 'dispatcherServlet'
2025-12-14T19:00:30.297-03:00  INFO 11584 --- [apiproducts] [http-nio-8180-exec-2] o.s.web.servlet.DispatcherServlet        : Initializing Servlet 'dispatcherServlet'
2025-12-14T19:00:30.298-03:00  INFO 11584 --- [apiproducts] [http-nio-8180-exec-2] o.s.web.servlet.DispatcherServlet        : Completed initialization in 1 ms
2025-12-14T19:01:22.209-03:00  INFO 11584 --- [apiproducts] [http-nio-8180-exec-2] o.springdoc.api.AbstractOpenApiResource  : Init duration for springdoc-openapi is: 289 ms
